"Result","2.5%","50%","97.5%","date","day"
"AB","  653.000"," 1546.0","  3018.000","2021-11-30","  1"
"AB","  625.000"," 1478.0","  2887.000","2021-12-01","  2"
"AB","  603.000"," 1421.0","  2786.000","2021-12-02","  3"
"AB","  581.000"," 1376.0","  2679.000","2021-12-03","  4"
"AB","  562.000"," 1328.0","  2595.000","2021-12-04","  5"
"AB","  547.000"," 1297.0","  2531.000","2021-12-05","  6"
"AB","  535.000"," 1269.0","  2473.000","2021-12-06","  7"
"AB","  531.000"," 1250.0","  2445.000","2021-12-07","  8"
"AB","  527.000"," 1244.0","  2429.000","2021-12-08","  9"
"AB","  529.000"," 1250.0","  2438.000","2021-12-09"," 10"
"AB","  537.000"," 1266.0","  2470.000","2021-12-10"," 11"
"AB","  553.000"," 1301.0","  2538.000","2021-12-11"," 12"
"AB","  577.000"," 1362.0","  2662.000","2021-12-12"," 13"
"AB","  608.000"," 1445.0","  2815.000","2021-12-13"," 14"
"AB","  658.000"," 1553.0","  3034.000","2021-12-14"," 15"
"AB","  731.000"," 1716.0","  3344.000","2021-12-15"," 16"
"AB","  809.000"," 1913.0","  3732.000","2021-12-16"," 17"
"AB","  925.000"," 2181.0","  4257.000","2021-12-17"," 18"
"AB"," 1064.000"," 2517.0","  4889.000","2021-12-18"," 19"
"AB"," 1249.000"," 2941.0","  5754.025","2021-12-19"," 20"
"AB"," 1478.000"," 3492.0","  6806.000","2021-12-20"," 21"
"AB"," 1773.000"," 4170.0","  8142.050","2021-12-21"," 22"
"AB"," 2117.000"," 5034.0","  9804.000","2021-12-22"," 23"
"AB"," 2582.975"," 6098.0"," 11889.025","2021-12-23"," 24"
"AB"," 3144.000"," 7426.5"," 14595.025","2021-12-24"," 25"
"AB"," 3834.975"," 9127.0"," 17939.025","2021-12-25"," 26"
"AB"," 4745.975","11175.0"," 21816.050","2021-12-26"," 27"
"AB"," 5833.000","13710.0"," 26737.025","2021-12-27"," 28"
"AB"," 7150.000","16822.5"," 32805.225","2021-12-28"," 29"
"AB"," 8661.000","20468.0"," 39716.100","2021-12-29"," 30"
"AB","10304.950","24410.5"," 47701.050","2021-12-30"," 31"
"AB","11776.925","27936.0"," 54431.025","2021-12-31"," 32"
"AB","12945.975","30522.5"," 59370.025","2022-01-01"," 33"
"AB","13634.975","32363.0"," 63090.125","2022-01-02"," 34"
"AB","14481.925","34109.0"," 66808.025","2022-01-03"," 35"
"AB","15386.925","36191.5"," 70545.275","2022-01-04"," 36"
"AB","16446.950","38527.0"," 75185.125","2022-01-05"," 37"
"AB","17464.875","41200.0"," 80419.150","2022-01-06"," 38"
"AB","18607.925","43938.0"," 85622.025","2022-01-07"," 39"
"AB","19917.975","46777.0"," 91085.025","2022-01-08"," 40"
"AB","21261.000","49931.5"," 96942.025","2022-01-09"," 41"
"AB","22288.850","52654.0","102967.175","2022-01-10"," 42"
"AB","23570.000","55608.0","108051.450","2022-01-11"," 43"
"AB","25026.975","58657.5","114552.450","2022-01-12"," 44"
"AB","26056.000","61536.0","120187.050","2022-01-13"," 45"
"AB","27329.750","64254.5","125317.150","2022-01-14"," 46"
"AB","28484.000","66759.0","130775.025","2022-01-15"," 47"
"AB","29533.975","69293.0","135343.025","2022-01-16"," 48"
"AB","30115.950","71426.0","139098.050","2022-01-17"," 49"
"AB","31200.000","73547.0","142908.200","2022-01-18"," 50"
"AB","31697.975","74977.0","146077.675","2022-01-19"," 51"
"AB","32352.000","76373.5","148512.050","2022-01-20"," 52"
"AB","32693.000","77293.5","151406.125","2022-01-21"," 53"
"AB","33055.875","77828.0","152192.050","2022-01-22"," 54"
"AB","33145.975","78317.0","152524.025","2022-01-23"," 55"
"AB","33257.975","78279.5","153118.225","2022-01-24"," 56"
"AB","33083.000","78262.0","152262.125","2022-01-25"," 57"
"AB","32830.975","77617.5","151866.150","2022-01-26"," 58"
"AB","32737.975","76939.0","150145.125","2022-01-27"," 59"
"AB","32169.975","75716.0","147954.050","2022-01-28"," 60"
"AB","31726.000","74399.5","144888.300","2022-01-29"," 61"
"AB","31259.925","73111.5","142385.425","2022-01-30"," 62"
"AB","30377.950","71555.0","139393.450","2022-01-31"," 63"
"AB","29528.975","69651.0","135619.300","2022-02-01"," 64"
"AB","28642.000","67589.0","131856.275","2022-02-02"," 65"
"AB","27786.925","65740.5","127425.125","2022-02-03"," 66"
"AB","27005.900","63630.0","123963.050","2022-02-04"," 67"
"AB","25968.875","61658.0","120126.100","2022-02-05"," 68"
"AB","25469.950","59496.0","116081.025","2022-02-06"," 69"
"AB","24386.925","57345.0","112074.025","2022-02-07"," 70"
"AB","23419.975","55253.0","107977.025","2022-02-08"," 71"
"AB","22619.900","53337.5","104148.000","2022-02-09"," 72"
"AB","22020.850","51968.0","101618.050","2022-02-10"," 73"
"AB","21823.000","51554.5","100434.100","2022-02-11"," 74"
"AB","22054.975","51951.0","101196.300","2022-02-12"," 75"
"AB","22220.975","52670.0","102770.025","2022-02-13"," 76"
"AB","22494.975","53103.0","103912.275","2022-02-14"," 77"
"AB","22682.925","53010.0","103594.125","2022-02-15"," 78"
"AB","22487.875","52876.0","102984.225","2022-02-16"," 79"
"AB","22302.900","52397.0","102148.075","2022-02-17"," 80"
"AB","21915.875","51686.0","100334.325","2022-02-18"," 81"
"AB","21642.875","50838.5"," 98695.050","2022-02-19"," 82"
"AB","21190.000","49982.0"," 97414.000","2022-02-20"," 83"
"AB","20740.000","48977.0"," 95458.050","2022-02-21"," 84"
"AB","20385.950","48073.0"," 93454.150","2022-02-22"," 85"
"AB","19858.975","46922.0"," 91810.000","2022-02-23"," 86"
"AB","19334.975","45815.5"," 89507.300","2022-02-24"," 87"
"AB","18994.975","44774.0"," 87592.025","2022-02-25"," 88"
"AB","18586.950","43666.0"," 85270.025","2022-02-26"," 89"
"AB","18207.000","42790.0"," 83676.025","2022-02-27"," 90"
"AB","17549.000","41676.5"," 81168.025","2022-02-28"," 91"
"AB","17202.000","40692.0"," 78996.300","2022-03-01"," 92"
"AB","16917.000","39617.0"," 77426.050","2022-03-02"," 93"
"AB","16435.975","38746.0"," 75600.125","2022-03-03"," 94"
"AB","16326.950","38233.0"," 74859.150","2022-03-04"," 95"
"AB","16177.975","38163.0"," 74517.025","2022-03-05"," 96"
"AB","16147.950","37991.5"," 74173.000","2022-03-06"," 97"
"AB","16072.975","37995.5"," 73811.000","2022-03-07"," 98"
"AB","16003.000","37606.0"," 73521.275","2022-03-08"," 99"
"AB","15796.975","37328.5"," 72689.400","2022-03-09","100"
"AB","15800.975","36936.0"," 72041.075","2022-03-10","101"
"AB","15402.950","36482.0"," 71013.000","2022-03-11","102"
"AB","15291.000","36104.0"," 70328.075","2022-03-12","103"
"AB","15080.950","35542.0"," 69405.000","2022-03-13","104"
"AB","14927.925","35048.5"," 68252.100","2022-03-14","105"
"AB","14606.950","34585.0"," 67225.175","2022-03-15","106"
"AB","14501.850","34112.0"," 66379.025","2022-03-16","107"
"AB","14441.000","33681.5"," 65856.250","2022-03-17","108"
"AB","14093.975","33173.0"," 64861.050","2022-03-18","109"
"AB","13990.000","32739.0"," 63675.050","2022-03-19","110"
"AB","13738.950","32310.0"," 62831.050","2022-03-20","111"
"AB","13551.000","31888.0"," 62046.000","2022-03-21","112"
"AB","13320.950","31399.5"," 61138.025","2022-03-22","113"
"AB","13171.975","30991.5"," 60225.425","2022-03-23","114"
"AB","12949.000","30560.5"," 59816.050","2022-03-24","115"
"AB","12878.975","30144.5"," 58943.075","2022-03-25","116"
"AB","12687.975","29739.0"," 58268.300","2022-03-26","117"
"AB","12524.950","29352.0"," 57214.025","2022-03-27","118"
"AB","12387.975","29053.0"," 56597.075","2022-03-28","119"
"AB","12209.950","28700.0"," 55999.000","2022-03-29","120"
"AB","12032.975","28403.0"," 55074.150","2022-03-30","121"
"AB","11932.975","28020.0"," 54659.100","2022-03-31","122"
"AB","11707.950","27718.0"," 54135.025","2022-04-01","123"
"AB","11697.950","27446.0"," 53480.175","2022-04-02","124"
"AB","11532.000","27046.0"," 52818.025","2022-04-03","125"
"AB","11450.000","26832.5"," 52516.075","2022-04-04","126"
"AB","11208.975","26481.0"," 51514.225","2022-04-05","127"
"AB","11088.000","26252.0"," 51277.000","2022-04-06","128"
"AB","11152.000","25989.0"," 50622.025","2022-04-07","129"
"AB","10901.000","25706.0"," 50066.025","2022-04-08","130"
"AB","10708.975","25473.0"," 49790.025","2022-04-09","131"
"AB","10706.000","25391.0"," 49459.075","2022-04-10","132"
"AB","10539.950","25069.0"," 48772.125","2022-04-11","133"
"AB","10560.975","24844.0"," 48650.025","2022-04-12","134"
"AB","10517.000","24643.0"," 48155.125","2022-04-13","135"
"AB","10400.000","24497.0"," 47708.175","2022-04-14","136"
"AB","10287.975","24317.0"," 47356.050","2022-04-15","137"
"AB","10282.000","24181.5"," 47207.050","2022-04-16","138"
"AB","10205.000","24035.0"," 47120.025","2022-04-17","139"
"AB","10099.000","23861.0"," 46564.050","2022-04-18","140"
"AB","10132.975","23757.0"," 46238.075","2022-04-19","141"
"AB","10058.975","23605.0"," 46167.075","2022-04-20","142"
"AB"," 9950.975","23507.0"," 45742.050","2022-04-21","143"
"AB"," 9957.975","23366.0"," 45419.050","2022-04-22","144"
"AB"," 9916.975","23287.0"," 45253.000","2022-04-23","145"
"AB"," 9849.950","23178.5"," 45150.000","2022-04-24","146"
"AB"," 9796.975","23108.0"," 45046.025","2022-04-25","147"
"AB"," 9666.000","23028.0"," 44903.125","2022-04-26","148"
"AB"," 9834.000","22911.0"," 44778.075","2022-04-27","149"
"AB"," 9749.925","22882.0"," 44701.175","2022-04-28","150"
"AB"," 9615.950","22824.0"," 44620.050","2022-04-29","151"
"AB"," 9662.000","22742.0"," 44499.000","2022-04-30","152"
"AB"," 9673.950","22724.0"," 44492.025","2022-05-01","153"
"AB"," 9656.975","22698.0"," 44306.125","2022-05-02","154"
"AB"," 9579.000","22583.0"," 44132.025","2022-05-03","155"
"AB"," 9546.975","22640.5"," 43942.025","2022-05-04","156"
"AB"," 9558.000","22586.0"," 44234.125","2022-05-05","157"
"AB"," 9658.975","22637.5"," 44132.025","2022-05-06","158"
"AB"," 9597.975","22574.5"," 44153.075","2022-05-07","159"
"AB"," 9634.925","22543.0"," 44115.025","2022-05-08","160"
"AB"," 9476.950","22501.0"," 44041.025","2022-05-09","161"
"AB"," 9569.000","22570.0"," 43956.025","2022-05-10","162"
"AB"," 9602.950","22627.0"," 44243.125","2022-05-11","163"
"AB"," 9604.975","22626.0"," 44274.050","2022-05-12","164"
"AB"," 9636.000","22589.0"," 43882.125","2022-05-13","165"
"AB"," 9649.975","22685.0"," 44432.050","2022-05-14","166"
"AB"," 9649.000","22730.0"," 44114.025","2022-05-15","167"
"AB"," 9711.000","22751.0"," 44616.125","2022-05-16","168"
"AB"," 9671.975","22697.5"," 44266.125","2022-05-17","169"
"AB"," 9674.975","22793.0"," 44515.025","2022-05-18","170"
"AB"," 9726.000","22856.0"," 44694.100","2022-05-19","171"
"AB"," 9768.975","22966.0"," 44766.125","2022-05-20","172"
"AB"," 9776.000","23004.5"," 44676.025","2022-05-21","173"
"AB"," 9778.975","23003.0"," 44844.000","2022-05-22","174"
"AB"," 9720.000","23002.0"," 44958.025","2022-05-23","175"
"AB"," 9799.975","23096.0"," 44988.100","2022-05-24","176"
"AB"," 9875.975","23146.0"," 44987.025","2022-05-25","177"
"AB"," 9918.975","23263.0"," 45439.050","2022-05-26","178"
"AB"," 9833.000","23245.0"," 45280.025","2022-05-27","179"
"AB"," 9985.000","23395.5"," 45564.025","2022-05-28","180"
"AB"," 9955.975","23533.0"," 45849.025","2022-05-29","181"
"AB","10011.000","23468.0"," 45867.025","2022-05-30","182"
"AB"," 9943.975","23568.5"," 45956.050","2022-05-31","183"
"AB"," 9997.000","23608.0"," 45959.050","2022-06-01","184"
"AB","10124.000","23782.0"," 46342.000","2022-06-02","185"
"AB","10112.950","23721.0"," 46412.000","2022-06-03","186"
"AB","10091.975","23906.0"," 46621.125","2022-06-04","187"
"AB","10154.975","23943.0"," 46568.000","2022-06-05","188"
"AB","10166.975","23988.0"," 46911.075","2022-06-06","189"
"AB","10292.000","24149.5"," 46872.000","2022-06-07","190"
"AB","10243.000","24189.5"," 47300.100","2022-06-08","191"
"AB","10313.975","24241.0"," 47404.050","2022-06-09","192"
"AB","10391.000","24365.0"," 47356.025","2022-06-10","193"
"AB","10343.925","24303.0"," 47526.025","2022-06-11","194"
"AB","10431.000","24398.5"," 47481.050","2022-06-12","195"
"AB","10441.975","24530.0"," 47611.000","2022-06-13","196"
"AB","10486.975","24602.0"," 47984.125","2022-06-14","197"
"AB","10478.975","24721.0"," 48088.075","2022-06-15","198"
"AB","10507.975","24729.0"," 48197.325","2022-06-16","199"
"AB","10555.000","24795.0"," 48341.150","2022-06-17","200"
"AB","10496.975","24853.0"," 48557.050","2022-06-18","201"
"AB","10553.950","24922.0"," 48649.050","2022-06-19","202"
"AB","10573.000","25008.0"," 48710.100","2022-06-20","203"
"AB","10622.000","25077.0"," 49029.100","2022-06-21","204"
"AB","10636.000","25210.5"," 49125.075","2022-06-22","205"
"AB","10654.000","25230.0"," 49168.150","2022-06-23","206"
"AB","10689.975","25258.0"," 49447.100","2022-06-24","207"
"AB","10769.000","25325.0"," 49486.125","2022-06-25","208"
"AB","10761.000","25321.5"," 49220.000","2022-06-26","209"
"AB","10792.975","25457.0"," 49604.025","2022-06-27","210"
"AB","10800.975","25411.0"," 49768.000","2022-06-28","211"
"AB","10837.000","25522.0"," 49774.025","2022-06-29","212"
"AB","10871.000","25567.0"," 49911.025","2022-06-30","213"
"AB","10857.000","25621.5"," 49757.050","2022-07-01","214"
"AB","10888.000","25608.0"," 50187.175","2022-07-02","215"
"AB","10932.975","25672.0"," 49950.125","2022-07-03","216"
"AB","10933.000","25657.0"," 50254.075","2022-07-04","217"
"AB","10967.975","25764.0"," 50239.000","2022-07-05","218"
"AB","10929.000","25783.0"," 50048.175","2022-07-06","219"
"AB","11028.975","25907.0"," 50452.050","2022-07-07","220"
"AB","10980.975","25850.0"," 50276.075","2022-07-08","221"
"","","","","",""
"Result","2.5%","50%","97.5%","date","day"
"BC"," 1058.000"," 1680.0","  2507.000","2021-11-30","  1"
"BC"," 1165.000"," 1848.0","  2760.000","2021-12-01","  2"
"BC"," 1231.000"," 1960.0","  2919.000","2021-12-02","  3"
"BC"," 1294.000"," 2047.0","  3045.000","2021-12-03","  4"
"BC"," 1331.000"," 2121.0","  3164.025","2021-12-04","  5"
"BC"," 1379.000"," 2188.0","  3264.000","2021-12-05","  6"
"BC"," 1419.000"," 2255.0","  3363.000","2021-12-06","  7"
"BC"," 1469.000"," 2332.0","  3484.000","2021-12-07","  8"
"BC"," 1519.000"," 2414.0","  3599.000","2021-12-08","  9"
"BC"," 1578.000"," 2510.0","  3753.000","2021-12-09"," 10"
"BC"," 1653.000"," 2621.5","  3907.000","2021-12-10"," 11"
"BC"," 1732.000"," 2754.0","  4118.025","2021-12-11"," 12"
"BC"," 1831.000"," 2910.0","  4347.000","2021-12-12"," 13"
"BC"," 1961.000"," 3106.0","  4638.000","2021-12-13"," 14"
"BC"," 2118.000"," 3346.0","  4979.000","2021-12-14"," 15"
"BC"," 2283.000"," 3625.0","  5406.000","2021-12-15"," 16"
"BC"," 2513.000"," 3975.0","  5935.000","2021-12-16"," 17"
"BC"," 2780.000"," 4421.0","  6589.025","2021-12-17"," 18"
"BC"," 3134.000"," 4958.0","  7388.000","2021-12-18"," 19"
"BC"," 3549.000"," 5622.0","  8378.000","2021-12-19"," 20"
"BC"," 4071.000"," 6446.5","  9603.000","2021-12-20"," 21"
"BC"," 4711.975"," 7480.0"," 11163.000","2021-12-21"," 22"
"BC"," 5524.000"," 8757.0"," 13068.000","2021-12-22"," 23"
"BC"," 6533.000","10342.0"," 15404.025","2021-12-23"," 24"
"BC"," 7768.000","12316.0"," 18324.000","2021-12-24"," 25"
"BC"," 9295.000","14743.0"," 21931.000","2021-12-25"," 26"
"BC","11201.925","17712.0"," 26367.000","2021-12-26"," 27"
"BC","13503.975","21363.0"," 31793.000","2021-12-27"," 28"
"BC","16229.975","25668.0"," 38308.000","2021-12-28"," 29"
"BC","19156.975","30311.0"," 45254.025","2021-12-29"," 30"
"BC","21677.000","34512.0"," 51264.050","2021-12-30"," 31"
"BC","23564.950","37367.5"," 55690.000","2021-12-31"," 32"
"BC","24831.975","39325.0"," 58567.025","2022-01-01"," 33"
"BC","25983.000","41254.0"," 61420.025","2022-01-02"," 34"
"BC","27358.000","43503.5"," 65095.025","2022-01-03"," 35"
"BC","29150.000","46168.0"," 68927.025","2022-01-04"," 36"
"BC","31066.000","49096.5"," 73026.025","2022-01-05"," 37"
"BC","32876.975","52021.0"," 77656.025","2022-01-06"," 38"
"BC","34955.975","55344.5"," 82344.025","2022-01-07"," 39"
"BC","36887.000","58580.0"," 87234.000","2022-01-08"," 40"
"BC","39079.850","62001.0"," 92194.075","2022-01-09"," 41"
"BC","41225.975","65268.0"," 96976.025","2022-01-10"," 42"
"BC","43103.950","68374.5","101704.025","2022-01-11"," 43"
"BC","44972.975","71614.5","106313.050","2022-01-12"," 44"
"BC","46750.975","74267.0","110456.025","2022-01-13"," 45"
"BC","48732.000","77173.0","115126.100","2022-01-14"," 46"
"BC","50176.000","79478.0","118536.200","2022-01-15"," 47"
"BC","51717.925","81781.5","121826.225","2022-01-16"," 48"
"BC","52937.975","83808.0","124638.050","2022-01-17"," 49"
"BC","53916.000","85282.0","127039.175","2022-01-18"," 50"
"BC","54787.975","86680.5","129088.100","2022-01-19"," 51"
"BC","55392.975","87589.5","130514.125","2022-01-20"," 52"
"BC","55705.000","88052.5","131335.000","2022-01-21"," 53"
"BC","55711.925","88328.0","131907.025","2022-01-22"," 54"
"BC","55700.975","88223.0","131729.050","2022-01-23"," 55"
"BC","55475.975","87820.5","130699.425","2022-01-24"," 56"
"BC","54793.875","86907.0","129657.025","2022-01-25"," 57"
"BC","54394.975","85969.5","128019.275","2022-01-26"," 58"
"BC","53612.000","84594.0","125683.050","2022-01-27"," 59"
"BC","52359.975","83036.0","123828.050","2022-01-28"," 60"
"BC","51432.000","81389.0","121071.050","2022-01-29"," 61"
"BC","50088.975","79366.0","118549.050","2022-01-30"," 62"
"BC","48913.000","77370.5","115358.200","2022-01-31"," 63"
"BC","47636.975","75206.0","112039.075","2022-02-01"," 64"
"BC","46298.975","73036.5","108557.025","2022-02-02"," 65"
"BC","44678.000","70709.0","104985.075","2022-02-03"," 66"
"BC","43301.950","68350.5","101902.025","2022-02-04"," 67"
"BC","41631.975","65923.5"," 98441.025","2022-02-05"," 68"
"BC","40252.950","63726.0"," 95123.075","2022-02-06"," 69"
"BC","38579.950","61264.0"," 91324.050","2022-02-07"," 70"
"BC","37072.975","59022.0"," 87771.025","2022-02-08"," 71"
"BC","35809.000","56688.0"," 84457.025","2022-02-09"," 72"
"BC","34402.975","54641.0"," 81245.250","2022-02-10"," 73"
"BC","33146.950","52371.0"," 78168.025","2022-02-11"," 74"
"BC","31731.925","50227.5"," 75188.075","2022-02-12"," 75"
"BC","30500.000","48195.5"," 71764.050","2022-02-13"," 76"
"BC","29230.000","46309.0"," 69138.000","2022-02-14"," 77"
"BC","28010.000","44451.0"," 66406.000","2022-02-15"," 78"
"BC","26949.975","42530.0"," 63461.125","2022-02-16"," 79"
"BC","25806.925","40809.5"," 60989.050","2022-02-17"," 80"
"BC","24692.000","39131.0"," 58296.025","2022-02-18"," 81"
"BC","23722.975","37557.0"," 55961.250","2022-02-19"," 82"
"BC","22812.975","36041.0"," 53783.025","2022-02-20"," 83"
"BC","21846.950","34555.0"," 51696.025","2022-02-21"," 84"
"BC","20897.925","33246.5"," 49485.100","2022-02-22"," 85"
"BC","20117.925","31904.0"," 47658.075","2022-02-23"," 86"
"BC","19320.000","30577.0"," 45597.000","2022-02-24"," 87"
"BC","18586.000","29409.0"," 43887.025","2022-02-25"," 88"
"BC","17850.925","28276.0"," 42036.025","2022-02-26"," 89"
"BC","17141.975","27166.0"," 40550.050","2022-02-27"," 90"
"BC","16536.975","26153.5"," 38957.000","2022-02-28"," 91"
"BC","15861.000","25152.0"," 37495.050","2022-03-01"," 92"
"BC","15281.975","24167.0"," 36106.000","2022-03-02"," 93"
"BC","14738.950","23311.0"," 34720.025","2022-03-03"," 94"
"BC","14209.000","22479.0"," 33478.025","2022-03-04"," 95"
"BC","13678.975","21700.0"," 32376.050","2022-03-05"," 96"
"BC","13214.000","20900.0"," 31142.000","2022-03-06"," 97"
"BC","12722.000","20158.0"," 30076.000","2022-03-07"," 98"
"BC","12308.975","19512.0"," 29072.050","2022-03-08"," 99"
"BC","11896.975","18827.0"," 28160.025","2022-03-09","100"
"BC","11458.975","18200.0"," 27115.000","2022-03-10","101"
"BC","11098.975","17628.0"," 26296.025","2022-03-11","102"
"BC","10778.000","17059.0"," 25424.000","2022-03-12","103"
"BC","10423.000","16516.0"," 24624.025","2022-03-13","104"
"BC","10155.975","16037.0"," 23777.000","2022-03-14","105"
"BC"," 9896.975","15635.0"," 23277.050","2022-03-15","106"
"BC"," 9665.000","15354.0"," 22871.000","2022-03-16","107"
"BC"," 9728.000","15420.0"," 22961.000","2022-03-17","108"
"BC"," 9970.975","15797.0"," 23508.000","2022-03-18","109"
"BC","10351.975","16313.0"," 24316.000","2022-03-19","110"
"BC","10600.950","16817.0"," 25153.025","2022-03-20","111"
"BC","10850.000","17189.0"," 25614.000","2022-03-21","112"
"BC","11070.000","17549.0"," 26127.000","2022-03-22","113"
"BC","11264.000","17836.0"," 26510.025","2022-03-23","114"
"BC","11455.000","18060.0"," 26891.025","2022-03-24","115"
"BC","11584.000","18327.0"," 27340.000","2022-03-25","116"
"BC","11674.000","18566.0"," 27747.025","2022-03-26","117"
"BC","11835.000","18811.0"," 27919.025","2022-03-27","118"
"BC","12022.000","19068.0"," 28296.000","2022-03-28","119"
"BC","12149.975","19298.0"," 28782.075","2022-03-29","120"
"BC","12396.000","19560.0"," 29148.000","2022-03-30","121"
"BC","12533.000","19835.0"," 29523.025","2022-03-31","122"
"BC","12744.000","20126.0"," 29944.000","2022-04-01","123"
"BC","12964.925","20489.0"," 30542.050","2022-04-02","124"
"BC","13242.975","21015.0"," 31258.000","2022-04-03","125"
"BC","13743.000","21806.0"," 32457.050","2022-04-04","126"
"BC","14329.000","22654.0"," 33787.025","2022-04-05","127"
"BC","14892.975","23529.0"," 35086.050","2022-04-06","128"
"BC","15395.975","24428.0"," 36435.050","2022-04-07","129"
"BC","15959.000","25230.0"," 37590.000","2022-04-08","130"
"BC","16463.975","26066.5"," 38729.050","2022-04-09","131"
"BC","16940.000","26820.0"," 39914.000","2022-04-10","132"
"BC","17389.975","27618.0"," 41207.050","2022-04-11","133"
"BC","17961.000","28400.0"," 42350.025","2022-04-12","134"
"BC","18391.975","29159.0"," 43432.075","2022-04-13","135"
"BC","18907.000","29959.0"," 44649.000","2022-04-14","136"
"BC","19344.925","30774.0"," 45864.025","2022-04-15","137"
"BC","19931.950","31541.5"," 47129.050","2022-04-16","138"
"BC","20412.975","32311.5"," 48175.025","2022-04-17","139"
"BC","20886.975","33058.5"," 49230.050","2022-04-18","140"
"BC","21372.950","33811.0"," 50269.000","2022-04-19","141"
"BC","21741.950","34555.0"," 51509.025","2022-04-20","142"
"BC","22275.000","35234.0"," 52406.000","2022-04-21","143"
"BC","22728.000","36010.0"," 53720.025","2022-04-22","144"
"BC","23079.975","36601.0"," 54684.200","2022-04-23","145"
"BC","23478.000","37280.0"," 55602.050","2022-04-24","146"
"BC","23857.975","37862.0"," 56542.025","2022-04-25","147"
"BC","24315.975","38446.0"," 57278.025","2022-04-26","148"
"BC","24720.000","39045.0"," 58182.025","2022-04-27","149"
"BC","24870.875","39596.0"," 58938.050","2022-04-28","150"
"BC","25352.950","39990.0"," 59763.050","2022-04-29","151"
"BC","25617.975","40463.0"," 60367.075","2022-04-30","152"
"BC","25731.000","40822.0"," 60888.000","2022-05-01","153"
"BC","25955.950","41240.0"," 61514.050","2022-05-02","154"
"BC","26267.975","41493.5"," 61938.025","2022-05-03","155"
"BC","26484.000","41826.0"," 62306.025","2022-05-04","156"
"BC","26565.975","42086.0"," 62571.025","2022-05-05","157"
"BC","26718.950","42271.5"," 62872.050","2022-05-06","158"
"BC","26766.975","42395.5"," 63026.025","2022-05-07","159"
"BC","26899.950","42462.0"," 63245.075","2022-05-08","160"
"BC","26887.975","42551.5"," 63647.025","2022-05-09","161"
"BC","27000.975","42714.5"," 63566.025","2022-05-10","162"
"BC","26763.000","42655.0"," 63547.075","2022-05-11","163"
"BC","26940.000","42612.0"," 63379.025","2022-05-12","164"
"BC","26861.975","42479.5"," 63421.025","2022-05-13","165"
"BC","26931.900","42473.5"," 63271.075","2022-05-14","166"
"BC","26675.900","42281.0"," 63030.000","2022-05-15","167"
"BC","26479.975","41996.0"," 62825.050","2022-05-16","168"
"BC","26457.975","41893.0"," 62234.000","2022-05-17","169"
"BC","26298.000","41683.0"," 62119.025","2022-05-18","170"
"BC","26063.000","41417.0"," 61707.100","2022-05-19","171"
"BC","26026.975","41154.5"," 61255.000","2022-05-20","172"
"BC","25749.950","40917.5"," 60927.025","2022-05-21","173"
"BC","25678.000","40606.5"," 60420.100","2022-05-22","174"
"BC","25499.975","40290.0"," 59981.000","2022-05-23","175"
"BC","25226.975","39907.0"," 59359.100","2022-05-24","176"
"BC","24940.975","39586.0"," 59006.000","2022-05-25","177"
"BC","24750.000","39153.0"," 58469.100","2022-05-26","178"
"BC","24528.000","38837.0"," 57876.025","2022-05-27","179"
"BC","24276.000","38416.5"," 57160.250","2022-05-28","180"
"BC","23988.975","38021.0"," 56677.150","2022-05-29","181"
"BC","23751.000","37615.0"," 55922.050","2022-05-30","182"
"BC","23555.975","37294.0"," 55703.025","2022-05-31","183"
"BC","23182.975","36832.0"," 55018.050","2022-06-01","184"
"BC","23029.000","36481.0"," 54278.050","2022-06-02","185"
"BC","22792.950","36039.0"," 53787.000","2022-06-03","186"
"BC","22535.000","35621.0"," 53204.050","2022-06-04","187"
"BC","22232.000","35179.0"," 52540.125","2022-06-05","188"
"BC","21965.000","34833.0"," 52038.025","2022-06-06","189"
"BC","21711.925","34457.0"," 51253.075","2022-06-07","190"
"BC","21559.975","34034.0"," 50854.000","2022-06-08","191"
"BC","21326.975","33675.0"," 50257.025","2022-06-09","192"
"BC","20989.000","33301.0"," 49569.025","2022-06-10","193"
"BC","20860.000","32890.0"," 49086.025","2022-06-11","194"
"BC","20568.000","32490.0"," 48411.025","2022-06-12","195"
"BC","20362.975","32236.0"," 48013.075","2022-06-13","196"
"BC","20110.975","31894.0"," 47538.025","2022-06-14","197"
"BC","19953.975","31507.0"," 47081.200","2022-06-15","198"
"BC","19715.000","31239.0"," 46510.075","2022-06-16","199"
"BC","19501.000","30875.0"," 45871.025","2022-06-17","200"
"BC","19274.975","30540.0"," 45450.100","2022-06-18","201"
"BC","19065.000","30234.5"," 45156.000","2022-06-19","202"
"BC","18863.000","29922.0"," 44661.075","2022-06-20","203"
"BC","18711.000","29682.0"," 44153.025","2022-06-21","204"
"BC","18555.925","29404.0"," 43811.050","2022-06-22","205"
"BC","18362.975","29085.5"," 43370.000","2022-06-23","206"
"BC","18232.975","28846.0"," 42928.000","2022-06-24","207"
"BC","18080.975","28566.0"," 42499.000","2022-06-25","208"
"BC","17882.950","28287.0"," 42274.025","2022-06-26","209"
"BC","17795.975","28120.5"," 41914.025","2022-06-27","210"
"BC","17629.000","27930.0"," 41620.025","2022-06-28","211"
"BC","17494.000","27627.0"," 41141.075","2022-06-29","212"
"BC","17334.975","27479.0"," 41099.075","2022-06-30","213"
"BC","17216.000","27281.5"," 40639.025","2022-07-01","214"
"BC","17141.975","27107.0"," 40473.025","2022-07-02","215"
"BC","16916.000","26928.0"," 40155.025","2022-07-03","216"
"BC","16901.000","26767.0"," 39881.050","2022-07-04","217"
"BC","16748.975","26524.0"," 39687.025","2022-07-05","218"
"BC","16697.000","26419.0"," 39385.000","2022-07-06","219"
"BC","16584.950","26270.0"," 39165.050","2022-07-07","220"
"BC","16453.975","26128.0"," 38959.000","2022-07-08","221"
"","","","","",""
"Result","2.5%","50%","97.5%","date","day"
"MB"," 239.000","  401.0","  622.000","2021-11-30","  1"
"MB"," 232.000","  391.0","  609.000","2021-12-01","  2"
"MB"," 226.000","  382.0","  595.000","2021-12-02","  3"
"MB"," 222.000","  374.0","  581.000","2021-12-03","  4"
"MB"," 217.000","  365.0","  569.000","2021-12-04","  5"
"MB"," 214.000","  360.0","  560.000","2021-12-05","  6"
"MB"," 211.000","  356.0","  552.000","2021-12-06","  7"
"MB"," 209.000","  352.0","  549.000","2021-12-07","  8"
"MB"," 209.000","  352.0","  547.000","2021-12-08","  9"
"MB"," 209.000","  353.0","  549.000","2021-12-09"," 10"
"MB"," 212.000","  358.0","  558.000","2021-12-10"," 11"
"MB"," 217.000","  366.0","  571.000","2021-12-11"," 12"
"MB"," 226.000","  380.0","  590.000","2021-12-12"," 13"
"MB"," 236.000","  398.0","  619.000","2021-12-13"," 14"
"MB"," 251.000","  421.0","  655.000","2021-12-14"," 15"
"MB"," 270.000","  452.0","  704.000","2021-12-15"," 16"
"MB"," 294.000","  494.0","  768.000","2021-12-16"," 17"
"MB"," 325.000","  545.0","  844.000","2021-12-17"," 18"
"MB"," 363.000","  609.0","  946.000","2021-12-18"," 19"
"MB"," 411.000","  690.0"," 1069.000","2021-12-19"," 20"
"MB"," 473.000","  787.0"," 1223.000","2021-12-20"," 21"
"MB"," 547.000","  910.0"," 1409.000","2021-12-21"," 22"
"MB"," 634.000"," 1060.0"," 1638.025","2021-12-22"," 23"
"MB"," 745.000"," 1240.0"," 1921.000","2021-12-23"," 24"
"MB"," 879.000"," 1463.0"," 2261.000","2021-12-24"," 25"
"MB","1042.000"," 1731.0"," 2676.000","2021-12-25"," 26"
"MB","1232.000"," 2055.0"," 3183.000","2021-12-26"," 27"
"MB","1470.000"," 2449.0"," 3784.000","2021-12-27"," 28"
"MB","1755.975"," 2919.0"," 4513.000","2021-12-28"," 29"
"MB","2091.000"," 3479.0"," 5382.000","2021-12-29"," 30"
"MB","2503.000"," 4166.0"," 6428.000","2021-12-30"," 31"
"MB","2996.000"," 4980.0"," 7674.025","2021-12-31"," 32"
"MB","3566.000"," 5921.0"," 9158.025","2022-01-01"," 33"
"MB","4259.000"," 7057.0","10879.025","2022-01-02"," 34"
"MB","5031.000"," 8364.0","12903.000","2022-01-03"," 35"
"MB","5916.000"," 9815.0","15112.025","2022-01-04"," 36"
"MB","6775.000","11244.0","17405.050","2022-01-05"," 37"
"MB","7376.975","12308.0","19013.000","2022-01-06"," 38"
"MB","7638.000","12638.5","19493.025","2022-01-07"," 39"
"MB","7545.000","12524.0","19276.000","2022-01-08"," 40"
"MB","7400.975","12303.0","18950.025","2022-01-09"," 41"
"MB","7345.000","12179.0","18741.025","2022-01-10"," 42"
"MB","7286.000","12137.0","18720.025","2022-01-11"," 43"
"MB","7338.000","12166.0","18806.000","2022-01-12"," 44"
"MB","7378.000","12262.0","18933.025","2022-01-13"," 45"
"MB","7416.000","12330.0","19032.000","2022-01-14"," 46"
"MB","7439.000","12394.0","19154.000","2022-01-15"," 47"
"MB","7496.000","12476.0","19267.050","2022-01-16"," 48"
"MB","7544.000","12554.0","19368.025","2022-01-17"," 49"
"MB","7556.000","12565.0","19389.025","2022-01-18"," 50"
"MB","7568.975","12610.0","19427.025","2022-01-19"," 51"
"MB","7578.000","12613.0","19509.025","2022-01-20"," 52"
"MB","7614.000","12593.5","19499.000","2022-01-21"," 53"
"MB","7509.975","12530.0","19356.000","2022-01-22"," 54"
"MB","7517.950","12490.5","19279.025","2022-01-23"," 55"
"MB","7493.975","12429.0","19180.000","2022-01-24"," 56"
"MB","7447.975","12317.0","18991.000","2022-01-25"," 57"
"MB","7332.000","12222.0","18827.000","2022-01-26"," 58"
"MB","7271.000","12106.0","18586.025","2022-01-27"," 59"
"MB","7227.000","11948.0","18414.025","2022-01-28"," 60"
"MB","7090.000","11770.0","18196.075","2022-01-29"," 61"
"MB","7023.975","11613.0","17937.000","2022-01-30"," 62"
"MB","6902.000","11466.0","17667.050","2022-01-31"," 63"
"MB","6774.000","11269.0","17386.025","2022-02-01"," 64"
"MB","6667.975","11068.0","17045.000","2022-02-02"," 65"
"MB","6544.000","10908.0","16799.050","2022-02-03"," 66"
"MB","6405.000","10662.0","16443.000","2022-02-04"," 67"
"MB","6306.000","10439.5","16104.000","2022-02-05"," 68"
"MB","6176.000","10238.0","15822.025","2022-02-06"," 69"
"MB","6043.975","10027.0","15509.025","2022-02-07"," 70"
"MB","5879.000"," 9771.0","15113.025","2022-02-08"," 71"
"MB","5765.000"," 9541.0","14725.025","2022-02-09"," 72"
"MB","5618.975"," 9330.0","14392.025","2022-02-10"," 73"
"MB","5479.000"," 9117.5","14012.050","2022-02-11"," 74"
"MB","5347.000"," 8871.0","13652.000","2022-02-12"," 75"
"MB","5197.000"," 8648.0","13332.050","2022-02-13"," 76"
"MB","5072.000"," 8414.0","12984.000","2022-02-14"," 77"
"MB","4938.975"," 8195.5","12675.000","2022-02-15"," 78"
"MB","4805.000"," 7985.0","12281.025","2022-02-16"," 79"
"MB","4667.975"," 7763.0","12033.025","2022-02-17"," 80"
"MB","4550.000"," 7543.0","11653.000","2022-02-18"," 81"
"MB","4424.000"," 7333.0","11325.025","2022-02-19"," 82"
"MB","4309.000"," 7128.0","11012.000","2022-02-20"," 83"
"MB","4175.000"," 6928.0","10707.000","2022-02-21"," 84"
"MB","4043.000"," 6735.0","10368.025","2022-02-22"," 85"
"MB","3930.000"," 6540.0","10096.025","2022-02-23"," 86"
"MB","3825.975"," 6345.0"," 9786.000","2022-02-24"," 87"
"MB","3715.000"," 6162.0"," 9505.025","2022-02-25"," 88"
"MB","3610.000"," 5996.0"," 9226.000","2022-02-26"," 89"
"MB","3487.000"," 5802.0"," 8965.000","2022-02-27"," 90"
"MB","3400.000"," 5640.0"," 8692.000","2022-02-28"," 91"
"MB","3295.000"," 5479.0"," 8448.025","2022-03-01"," 92"
"MB","3185.000"," 5302.0"," 8179.000","2022-03-02"," 93"
"MB","3108.000"," 5149.0"," 7959.025","2022-03-03"," 94"
"MB","3012.000"," 5005.0"," 7716.000","2022-03-04"," 95"
"MB","2929.975"," 4857.0"," 7481.000","2022-03-05"," 96"
"MB","2828.975"," 4718.0"," 7283.000","2022-03-06"," 97"
"MB","2758.000"," 4581.0"," 7059.000","2022-03-07"," 98"
"MB","2698.000"," 4467.0"," 6881.000","2022-03-08"," 99"
"MB","2662.975"," 4392.0"," 6773.000","2022-03-09","100"
"MB","2663.000"," 4410.0"," 6795.025","2022-03-10","101"
"MB","2716.000"," 4513.0"," 6958.000","2022-03-11","102"
"MB","2810.000"," 4665.0"," 7188.000","2022-03-12","103"
"MB","2886.000"," 4793.0"," 7406.025","2022-03-13","104"
"MB","2948.000"," 4905.0"," 7564.025","2022-03-14","105"
"MB","2995.000"," 4979.0"," 7668.025","2022-03-15","106"
"MB","3034.000"," 5049.0"," 7779.025","2022-03-16","107"
"MB","3082.000"," 5110.0"," 7881.000","2022-03-17","108"
"MB","3111.000"," 5167.0"," 7964.025","2022-03-18","109"
"MB","3126.000"," 5205.0"," 8024.000","2022-03-19","110"
"MB","3157.000"," 5255.0"," 8110.000","2022-03-20","111"
"MB","3181.000"," 5305.0"," 8166.000","2022-03-21","112"
"MB","3215.000"," 5339.0"," 8227.000","2022-03-22","113"
"MB","3238.975"," 5385.0"," 8298.000","2022-03-23","114"
"MB","3252.975"," 5408.0"," 8332.000","2022-03-24","115"
"MB","3283.000"," 5455.0"," 8419.050","2022-03-25","116"
"MB","3301.000"," 5474.0"," 8456.000","2022-03-26","117"
"MB","3324.975"," 5524.0"," 8504.025","2022-03-27","118"
"MB","3354.000"," 5555.0"," 8558.025","2022-03-28","119"
"MB","3366.000"," 5592.0"," 8646.000","2022-03-29","120"
"MB","3411.000"," 5659.0"," 8704.025","2022-03-30","121"
"MB","3473.975"," 5770.0"," 8888.050","2022-03-31","122"
"MB","3559.000"," 5928.0"," 9145.000","2022-04-01","123"
"MB","3687.000"," 6111.0"," 9419.025","2022-04-02","124"
"MB","3811.000"," 6305.0"," 9742.000","2022-04-03","125"
"MB","3897.000"," 6466.0","10008.000","2022-04-04","126"
"MB","4003.000"," 6624.0","10237.000","2022-04-05","127"
"MB","4086.000"," 6756.5","10466.000","2022-04-06","128"
"MB","4168.000"," 6906.0","10677.000","2022-04-07","129"
"MB","4228.975"," 7054.0","10912.000","2022-04-08","130"
"MB","4315.000"," 7173.0","11126.000","2022-04-09","131"
"MB","4381.000"," 7301.0","11309.025","2022-04-10","132"
"MB","4471.000"," 7430.0","11478.025","2022-04-11","133"
"MB","4550.000"," 7566.0","11636.000","2022-04-12","134"
"MB","4623.000"," 7685.0","11861.025","2022-04-13","135"
"MB","4708.000"," 7792.0","12001.000","2022-04-14","136"
"MB","4741.000"," 7906.0","12211.000","2022-04-15","137"
"MB","4831.975"," 8017.0","12356.000","2022-04-16","138"
"MB","4901.000"," 8117.0","12534.000","2022-04-17","139"
"MB","4942.975"," 8196.0","12667.000","2022-04-18","140"
"MB","5007.000"," 8302.0","12843.050","2022-04-19","141"
"MB","5040.000"," 8396.0","12971.000","2022-04-20","142"
"MB","5101.000"," 8461.0","13074.025","2022-04-21","143"
"MB","5140.000"," 8535.0","13183.000","2022-04-22","144"
"MB","5181.975"," 8617.0","13260.025","2022-04-23","145"
"MB","5237.000"," 8687.0","13368.000","2022-04-24","146"
"MB","5248.000"," 8729.0","13509.025","2022-04-25","147"
"MB","5299.975"," 8791.0","13575.025","2022-04-26","148"
"MB","5307.000"," 8831.0","13626.025","2022-04-27","149"
"MB","5331.000"," 8857.0","13711.000","2022-04-28","150"
"MB","5377.000"," 8902.0","13758.025","2022-04-29","151"
"MB","5377.975"," 8931.0","13782.025","2022-04-30","152"
"MB","5367.975"," 8940.0","13807.025","2022-05-01","153"
"MB","5394.000"," 8959.0","13798.000","2022-05-02","154"
"MB","5411.000"," 8968.5","13792.025","2022-05-03","155"
"MB","5415.000"," 8977.0","13879.000","2022-05-04","156"
"MB","5413.000"," 8968.0","13850.000","2022-05-05","157"
"MB","5392.975"," 8963.0","13832.000","2022-05-06","158"
"MB","5380.975"," 8936.0","13774.025","2022-05-07","159"
"MB","5359.000"," 8932.0","13725.000","2022-05-08","160"
"MB","5345.000"," 8891.0","13764.000","2022-05-09","161"
"MB","5350.000"," 8874.0","13697.025","2022-05-10","162"
"MB","5323.975"," 8822.5","13625.000","2022-05-11","163"
"MB","5310.000"," 8777.0","13549.025","2022-05-12","164"
"MB","5276.000"," 8764.0","13508.025","2022-05-13","165"
"MB","5256.000"," 8701.0","13413.000","2022-05-14","166"
"MB","5210.975"," 8653.0","13329.025","2022-05-15","167"
"MB","5166.000"," 8578.0","13242.025","2022-05-16","168"
"MB","5138.000"," 8516.0","13170.000","2022-05-17","169"
"MB","5097.000"," 8474.0","13079.000","2022-05-18","170"
"MB","5059.000"," 8413.0","12940.025","2022-05-19","171"
"MB","5018.000"," 8341.0","12870.025","2022-05-20","172"
"MB","4965.975"," 8270.0","12724.000","2022-05-21","173"
"MB","4944.000"," 8185.0","12637.025","2022-05-22","174"
"MB","4899.975"," 8103.0","12482.000","2022-05-23","175"
"MB","4845.000"," 8034.0","12441.000","2022-05-24","176"
"MB","4783.000"," 7973.0","12296.000","2022-05-25","177"
"MB","4776.000"," 7897.0","12133.025","2022-05-26","178"
"MB","4680.975"," 7813.0","12059.025","2022-05-27","179"
"MB","4672.000"," 7729.0","11915.025","2022-05-28","180"
"MB","4622.000"," 7643.0","11795.000","2022-05-29","181"
"MB","4558.000"," 7567.0","11663.000","2022-05-30","182"
"MB","4515.000"," 7493.0","11537.025","2022-05-31","183"
"MB","4460.000"," 7411.0","11418.000","2022-06-01","184"
"MB","4408.000"," 7313.0","11295.000","2022-06-02","185"
"MB","4343.975"," 7246.0","11200.000","2022-06-03","186"
"MB","4333.000"," 7162.0","11101.000","2022-06-04","187"
"MB","4274.000"," 7088.0","10926.000","2022-06-05","188"
"MB","4224.000"," 7007.0","10833.000","2022-06-06","189"
"MB","4160.000"," 6936.0","10698.000","2022-06-07","190"
"MB","4120.000"," 6847.0","10567.000","2022-06-08","191"
"MB","4066.000"," 6765.0","10455.000","2022-06-09","192"
"MB","4044.000"," 6693.0","10309.000","2022-06-10","193"
"MB","4003.000"," 6610.0","10214.000","2022-06-11","194"
"MB","3923.000"," 6545.0","10116.000","2022-06-12","195"
"MB","3896.975"," 6465.0","10004.000","2022-06-13","196"
"MB","3850.000"," 6405.0"," 9893.000","2022-06-14","197"
"MB","3817.000"," 6332.0"," 9748.000","2022-06-15","198"
"MB","3750.000"," 6263.0"," 9658.000","2022-06-16","199"
"MB","3731.000"," 6189.0"," 9550.025","2022-06-17","200"
"MB","3690.000"," 6124.0"," 9436.025","2022-06-18","201"
"MB","3636.000"," 6061.0"," 9344.000","2022-06-19","202"
"MB","3621.000"," 5993.0"," 9246.000","2022-06-20","203"
"MB","3551.000"," 5927.5"," 9153.000","2022-06-21","204"
"MB","3539.000"," 5857.0"," 9068.000","2022-06-22","205"
"MB","3498.000"," 5801.0"," 8972.000","2022-06-23","206"
"MB","3465.000"," 5741.0"," 8879.025","2022-06-24","207"
"MB","3420.000"," 5689.0"," 8784.000","2022-06-25","208"
"MB","3378.000"," 5629.0"," 8700.025","2022-06-26","209"
"MB","3361.000"," 5574.0"," 8615.000","2022-06-27","210"
"MB","3331.000"," 5523.0"," 8534.000","2022-06-28","211"
"MB","3290.000"," 5474.0"," 8438.025","2022-06-29","212"
"MB","3266.000"," 5424.0"," 8390.000","2022-06-30","213"
"MB","3234.000"," 5366.0"," 8277.025","2022-07-01","214"
"MB","3201.000"," 5324.0"," 8213.025","2022-07-02","215"
"MB","3171.975"," 5283.0"," 8122.000","2022-07-03","216"
"MB","3153.000"," 5242.0"," 8092.000","2022-07-04","217"
"MB","3137.000"," 5202.0"," 8033.025","2022-07-05","218"
"MB","3095.000"," 5154.0"," 7968.000","2022-07-06","219"
"MB","3077.000"," 5119.0"," 7880.025","2022-07-07","220"
"MB","3049.000"," 5081.0"," 7832.000","2022-07-08","221"
"","","","","",""
"Result","2.5%","50%","97.5%","date","day"
"ON"," 1759.975","  3002.5","  4746.000","2021-11-30","  1"
"ON"," 1803.975","  3080.0","  4847.000","2021-12-01","  2"
"ON"," 1825.000","  3121.0","  4928.000","2021-12-02","  3"
"ON"," 1851.975","  3147.0","  4970.000","2021-12-03","  4"
"ON"," 1866.000","  3184.0","  5033.000","2021-12-04","  5"
"ON"," 1902.000","  3246.0","  5113.000","2021-12-05","  6"
"ON"," 1935.000","  3313.0","  5235.000","2021-12-06","  7"
"ON"," 2005.000","  3434.0","  5427.000","2021-12-07","  8"
"ON"," 2098.000","  3587.0","  5646.025","2021-12-08","  9"
"ON"," 2222.000","  3796.0","  5998.000","2021-12-09"," 10"
"ON"," 2395.000","  4086.0","  6447.000","2021-12-10"," 11"
"ON"," 2612.000","  4477.0","  7050.025","2021-12-11"," 12"
"ON"," 2911.000","  4972.0","  7851.025","2021-12-12"," 13"
"ON"," 3296.000","  5621.0","  8879.000","2021-12-13"," 14"
"ON"," 3772.000","  6465.0"," 10168.000","2021-12-14"," 15"
"ON"," 4410.000","  7539.0"," 11847.025","2021-12-15"," 16"
"ON"," 5218.000","  8926.0"," 14052.025","2021-12-16"," 17"
"ON"," 6240.000"," 10700.0"," 16854.025","2021-12-17"," 18"
"ON"," 7579.000"," 12936.0"," 20357.050","2021-12-18"," 19"
"ON"," 9273.975"," 15793.0"," 24889.025","2021-12-19"," 20"
"ON","11319.975"," 19390.0"," 30630.025","2021-12-20"," 21"
"ON","14009.000"," 23937.0"," 37679.050","2021-12-21"," 22"
"ON","17392.950"," 29620.0"," 46620.000","2021-12-22"," 23"
"ON","21620.975"," 36827.5"," 58096.025","2021-12-23"," 24"
"ON","26796.950"," 45726.5"," 71797.000","2021-12-24"," 25"
"ON","33239.975"," 56605.5"," 89061.150","2021-12-25"," 26"
"ON","40667.775"," 69737.5","109685.075","2021-12-26"," 27"
"ON","48758.000"," 83282.0","131154.175","2021-12-27"," 28"
"ON","55207.975"," 94149.0","148113.050","2021-12-28"," 29"
"ON","57711.950"," 98498.0","154641.125","2021-12-29"," 30"
"ON","57580.000"," 98003.0","154527.000","2021-12-30"," 31"
"ON","56702.925"," 96580.0","152125.000","2021-12-31"," 32"
"ON","56189.900"," 95974.5","150955.150","2022-01-01"," 33"
"ON","56437.975"," 96215.0","151667.125","2022-01-02"," 34"
"ON","57239.975"," 97441.5","153580.275","2022-01-03"," 35"
"ON","58081.950"," 99018.0","155607.025","2022-01-04"," 36"
"ON","58723.000","100562.0","158612.125","2022-01-05"," 37"
"ON","60068.950","102375.5","161407.050","2022-01-06"," 38"
"ON","61008.000","104265.5","164249.325","2022-01-07"," 39"
"ON","61922.000","105979.0","166849.000","2022-01-08"," 40"
"ON","62900.900","107359.5","168789.100","2022-01-09"," 41"
"ON","63866.950","108947.0","171988.200","2022-01-10"," 42"
"ON","64534.950","110254.0","173878.500","2022-01-11"," 43"
"ON","65278.975","111582.5","175403.050","2022-01-12"," 44"
"ON","65951.000","112728.5","177449.050","2022-01-13"," 45"
"ON","66240.950","113283.5","178397.250","2022-01-14"," 46"
"ON","67294.875","114105.0","180270.500","2022-01-15"," 47"
"ON","67271.825","114737.0","180222.000","2022-01-16"," 48"
"ON","67356.950","115115.0","181719.000","2022-01-17"," 49"
"ON","67571.000","115247.0","180951.625","2022-01-18"," 50"
"ON","67287.775","115326.0","181370.050","2022-01-19"," 51"
"ON","67428.950","115193.0","181243.050","2022-01-20"," 52"
"ON","67440.450","114931.0","180977.050","2022-01-21"," 53"
"ON","67360.000","114464.0","180182.125","2022-01-22"," 54"
"ON","66734.925","114111.0","179848.100","2022-01-23"," 55"
"ON","66453.850","113402.0","178260.150","2022-01-24"," 56"
"ON","66004.975","112589.0","177429.100","2022-01-25"," 57"
"ON","65421.950","111713.5","176312.125","2022-01-26"," 58"
"ON","64714.000","110470.5","174091.125","2022-01-27"," 59"
"ON","64183.950","109369.0","171783.125","2022-01-28"," 60"
"ON","63183.925","108124.0","170487.175","2022-01-29"," 61"
"ON","62865.975","106814.5","168184.350","2022-01-30"," 62"
"ON","61878.975","105326.0","165829.300","2022-01-31"," 63"
"ON","60785.950","103694.5","163685.025","2022-02-01"," 64"
"ON","59796.900","102173.0","160882.075","2022-02-02"," 65"
"ON","58981.000","100704.5","158771.225","2022-02-03"," 66"
"ON","57604.900"," 98890.5","156283.150","2022-02-04"," 67"
"ON","56908.875"," 97057.0","152932.025","2022-02-05"," 68"
"ON","55967.975"," 95271.0","150141.175","2022-02-06"," 69"
"ON","54846.875"," 93316.0","147108.050","2022-02-07"," 70"
"ON","53461.950"," 91453.5","144651.050","2022-02-08"," 71"
"ON","52676.950"," 89863.0","140950.050","2022-02-09"," 72"
"ON","51468.000"," 88060.0","138848.250","2022-02-10"," 73"
"ON","50505.950"," 86043.5","136085.075","2022-02-11"," 74"
"ON","49320.800"," 84170.0","132434.050","2022-02-12"," 75"
"ON","48278.850"," 82197.5","129302.350","2022-02-13"," 76"
"ON","47081.975"," 80351.0","126374.025","2022-02-14"," 77"
"ON","45787.925"," 78495.0","123439.075","2022-02-15"," 78"
"ON","44842.950"," 76872.0","120992.025","2022-02-16"," 79"
"ON","43982.950"," 74921.0","118092.100","2022-02-17"," 80"
"ON","42805.950"," 73162.0","115348.125","2022-02-18"," 81"
"ON","41727.975"," 71294.5","112348.050","2022-02-19"," 82"
"ON","40811.950"," 69566.0","109734.300","2022-02-20"," 83"
"ON","39705.900"," 67859.0","106706.050","2022-02-21"," 84"
"ON","38615.000"," 66165.0","104225.025","2022-02-22"," 85"
"ON","37825.950"," 64400.5","101469.125","2022-02-23"," 86"
"ON","36761.000"," 62756.0"," 98962.050","2022-02-24"," 87"
"ON","35834.825"," 61157.0"," 96093.075","2022-02-25"," 88"
"ON","34835.975"," 59582.5"," 93653.050","2022-02-26"," 89"
"ON","33897.975"," 58033.0"," 91378.075","2022-02-27"," 90"
"ON","33172.950"," 56523.5"," 89263.150","2022-02-28"," 91"
"ON","32406.975"," 55185.5"," 86992.075","2022-03-01"," 92"
"ON","31665.000"," 53994.0"," 85001.025","2022-03-02"," 93"
"ON","31298.950"," 53342.0"," 83996.175","2022-03-03"," 94"
"ON","31383.975"," 53645.0"," 84308.025","2022-03-04"," 95"
"ON","32340.950"," 55167.0"," 86906.025","2022-03-05"," 96"
"ON","33559.925"," 57189.0"," 89974.025","2022-03-06"," 97"
"ON","34563.975"," 59039.5"," 92832.150","2022-03-07"," 98"
"ON","35415.925"," 60425.0"," 95234.175","2022-03-08"," 99"
"ON","36161.825"," 61588.5"," 97202.075","2022-03-09","100"
"ON","36534.975"," 62595.0"," 98833.075","2022-03-10","101"
"ON","37332.000"," 63489.0"," 99892.275","2022-03-11","102"
"ON","37632.950"," 64401.5","100900.000","2022-03-12","103"
"ON","38175.000"," 65057.0","102745.275","2022-03-13","104"
"ON","38619.975"," 65770.0","103582.175","2022-03-14","105"
"ON","38901.925"," 66374.0","104644.250","2022-03-15","106"
"ON","39355.975"," 67066.0","105414.000","2022-03-16","107"
"ON","39752.000"," 67538.0","106239.025","2022-03-17","108"
"ON","39634.000"," 68187.0","107831.025","2022-03-18","109"
"ON","40371.950"," 68735.5","108212.175","2022-03-19","110"
"ON","40751.000"," 69308.0","109391.300","2022-03-20","111"
"ON","40759.000"," 69668.5","109801.025","2022-03-21","112"
"ON","41209.975"," 70219.0","110317.000","2022-03-22","113"
"ON","41451.975"," 70610.0","111490.050","2022-03-23","114"
"ON","41469.975"," 70987.0","112042.050","2022-03-24","115"
"ON","41887.800"," 71462.0","112620.175","2022-03-25","116"
"ON","41938.975"," 71760.5","113011.025","2022-03-26","117"
"ON","42222.975"," 72179.0","113581.050","2022-03-27","118"
"ON","42505.975"," 72419.0","113804.125","2022-03-28","119"
"ON","42546.925"," 72651.0","114442.000","2022-03-29","120"
"ON","42619.925"," 72737.5","114699.050","2022-03-30","121"
"ON","42826.950"," 73133.0","115580.125","2022-03-31","122"
"ON","43110.975"," 73799.5","116128.075","2022-04-01","123"
"ON","43956.000"," 74957.5","117791.100","2022-04-02","124"
"ON","44806.975"," 76674.0","120480.100","2022-04-03","125"
"ON","46158.975"," 78785.0","124103.050","2022-04-04","126"
"ON","47431.875"," 80880.0","127237.075","2022-04-05","127"
"ON","48546.950"," 82578.5","130066.050","2022-04-06","128"
"ON","49166.775"," 84226.0","132226.075","2022-04-07","129"
"ON","50001.975"," 85781.0","135030.000","2022-04-08","130"
"ON","50802.000"," 86992.5","137322.400","2022-04-09","131"
"ON","51719.975"," 88294.0","139491.025","2022-04-10","132"
"ON","52243.975"," 89479.0","140802.100","2022-04-11","133"
"ON","53163.975"," 90839.5","143097.100","2022-04-12","134"
"ON","53394.800"," 91701.0","144741.050","2022-04-13","135"
"ON","54402.925"," 92615.5","145396.175","2022-04-14","136"
"ON","54834.950"," 93584.0","147900.025","2022-04-15","137"
"ON","55258.725"," 94384.5","149062.350","2022-04-16","138"
"ON","55783.975"," 95109.5","150012.050","2022-04-17","139"
"ON","56433.925"," 95959.0","150948.025","2022-04-18","140"
"ON","56619.900"," 96428.5","151969.075","2022-04-19","141"
"ON","56880.900"," 96878.0","152821.225","2022-04-20","142"
"ON","57336.800"," 97594.5","153943.075","2022-04-21","143"
"ON","57258.975"," 98040.0","154354.175","2022-04-22","144"
"ON","57758.725"," 98570.0","155332.325","2022-04-23","145"
"ON","57637.975"," 98825.0","155332.075","2022-04-24","146"
"ON","58046.900"," 98944.5","156173.075","2022-04-25","147"
"ON","57871.850"," 99254.0","155828.025","2022-04-26","148"
"ON","58139.950"," 99214.5","156061.025","2022-04-27","149"
"ON","58094.875"," 99205.5","155877.075","2022-04-28","150"
"ON","58074.950"," 99148.5","156519.175","2022-04-29","151"
"ON","57963.975"," 98798.5","155874.025","2022-04-30","152"
"ON","57931.775"," 98646.5","155276.025","2022-05-01","153"
"ON","57559.925"," 98439.0","154913.425","2022-05-02","154"
"ON","57491.975"," 98155.5","154759.225","2022-05-03","155"
"ON","57464.950"," 97682.0","153738.050","2022-05-04","156"
"ON","56913.875"," 97360.0","153813.200","2022-05-05","157"
"ON","56906.850"," 96807.5","152387.200","2022-05-06","158"
"ON","56397.975"," 96238.5","151533.025","2022-05-07","159"
"ON","56009.000"," 95714.5","150425.300","2022-05-08","160"
"ON","55460.975"," 95017.5","149589.225","2022-05-09","161"
"ON","55105.000"," 94198.0","148630.225","2022-05-10","162"
"ON","55177.975"," 93661.0","147667.200","2022-05-11","163"
"ON","54284.925"," 92862.5","146292.100","2022-05-12","164"
"ON","54270.950"," 92080.0","145170.050","2022-05-13","165"
"ON","53649.950"," 91520.5","144057.025","2022-05-14","166"
"ON","53335.000"," 90496.5","142834.250","2022-05-15","167"
"ON","52293.775"," 89810.5","141248.250","2022-05-16","168"
"ON","52202.900"," 88832.5","140142.125","2022-05-17","169"
"ON","51476.925"," 88014.5","138530.050","2022-05-18","170"
"ON","51063.900"," 87084.0","137547.000","2022-05-19","171"
"ON","50231.925"," 86405.0","136084.025","2022-05-20","172"
"ON","50174.975"," 85334.0","134311.025","2022-05-21","173"
"ON","49389.950"," 84514.5","133113.225","2022-05-22","174"
"ON","49002.950"," 83401.0","131419.175","2022-05-23","175"
"ON","48327.975"," 82591.0","129994.250","2022-05-24","176"
"ON","47725.950"," 81770.0","128762.100","2022-05-25","177"
"ON","47325.675"," 80884.0","127465.175","2022-05-26","178"
"ON","46800.975"," 79840.5","125576.125","2022-05-27","179"
"ON","46252.900"," 78974.0","124315.050","2022-05-28","180"
"ON","45651.950"," 78007.0","122630.025","2022-05-29","181"
"ON","45172.000"," 77091.5","121897.225","2022-05-30","182"
"ON","44450.975"," 76228.0","120151.050","2022-05-31","183"
"ON","44163.975"," 75391.0","118718.100","2022-06-01","184"
"ON","43481.975"," 74460.0","117381.025","2022-06-02","185"
"ON","42912.900"," 73616.0","116288.050","2022-06-03","186"
"ON","42653.900"," 72895.0","114945.000","2022-06-04","187"
"ON","42087.000"," 71908.0","113132.050","2022-06-05","188"
"ON","41604.850"," 71178.5","112236.050","2022-06-06","189"
"ON","41209.975"," 70560.5","110643.075","2022-06-07","190"
"ON","40537.975"," 69541.0","109722.275","2022-06-08","191"
"ON","40305.975"," 68976.5","108297.025","2022-06-09","192"
"ON","39912.875"," 68074.0","107214.025","2022-06-10","193"
"ON","39386.000"," 67341.5","105988.000","2022-06-11","194"
"ON","38985.000"," 66565.0","105085.000","2022-06-12","195"
"ON","38517.725"," 65899.0","103775.100","2022-06-13","196"
"ON","38164.000"," 65208.0","102843.000","2022-06-14","197"
"ON","37774.000"," 64508.5","101765.050","2022-06-15","198"
"ON","37343.950"," 63800.5","100499.075","2022-06-16","199"
"ON","37031.975"," 63087.5"," 99377.025","2022-06-17","200"
"ON","36673.875"," 62648.0"," 98474.000","2022-06-18","201"
"ON","36224.975"," 61786.0"," 97796.200","2022-06-19","202"
"ON","35943.925"," 61256.0"," 96686.050","2022-06-20","203"
"ON","35742.950"," 60752.0"," 95688.050","2022-06-21","204"
"ON","35361.000"," 60085.0"," 94539.100","2022-06-22","205"
"ON","34818.850"," 59670.5"," 93634.050","2022-06-23","206"
"ON","34733.975"," 59035.0"," 93259.075","2022-06-24","207"
"ON","34322.950"," 58592.5"," 91937.100","2022-06-25","208"
"ON","34047.000"," 58091.5"," 91575.000","2022-06-26","209"
"ON","33756.000"," 57616.5"," 90506.025","2022-06-27","210"
"ON","33526.000"," 57081.5"," 90081.025","2022-06-28","211"
"ON","33314.850"," 56706.0"," 89612.025","2022-06-29","212"
"ON","32751.975"," 56279.0"," 88484.150","2022-06-30","213"
"ON","32732.900"," 55811.5"," 87896.225","2022-07-01","214"
"ON","32483.925"," 55356.5"," 87206.075","2022-07-02","215"
"ON","32323.950"," 55068.0"," 87048.200","2022-07-03","216"
"ON","32044.975"," 54633.0"," 85881.250","2022-07-04","217"
"ON","31759.925"," 54329.0"," 85650.075","2022-07-05","218"
"ON","31578.975"," 53863.0"," 84600.025","2022-07-06","219"
"ON","31348.975"," 53639.0"," 84486.125","2022-07-07","220"
"ON","31117.000"," 53340.0"," 83877.025","2022-07-08","221"
"","","","","",""
"Result","2.5%","50%","97.5%","date","day"
"QC"," 1339.000","  2517.0","  4228.000","2021-11-30","  1"
"QC"," 1454.000","  2717.0","  4569.000","2021-12-01","  2"
"QC"," 1534.000","  2868.0","  4819.000","2021-12-02","  3"
"QC"," 1597.000","  2977.0","  5000.000","2021-12-03","  4"
"QC"," 1646.000","  3082.0","  5167.000","2021-12-04","  5"
"QC"," 1704.000","  3184.5","  5351.000","2021-12-05","  6"
"QC"," 1771.000","  3308.0","  5545.000","2021-12-06","  7"
"QC"," 1841.000","  3446.0","  5776.000","2021-12-07","  8"
"QC"," 1940.000","  3611.0","  6047.025","2021-12-08","  9"
"QC"," 2054.000","  3821.0","  6391.025","2021-12-09"," 10"
"QC"," 2177.000","  4066.0","  6803.000","2021-12-10"," 11"
"QC"," 2353.000","  4371.0","  7351.000","2021-12-11"," 12"
"QC"," 2533.000","  4754.0","  7960.025","2021-12-12"," 13"
"QC"," 2794.000","  5231.0","  8779.000","2021-12-13"," 14"
"QC"," 3112.000","  5813.0","  9782.000","2021-12-14"," 15"
"QC"," 3495.000","  6543.0"," 10969.000","2021-12-15"," 16"
"QC"," 3976.000","  7421.0"," 12428.000","2021-12-16"," 17"
"QC"," 4582.000","  8516.0"," 14320.000","2021-12-17"," 18"
"QC"," 5279.000","  9868.0"," 16596.000","2021-12-18"," 19"
"QC"," 6146.000"," 11524.0"," 19284.000","2021-12-19"," 20"
"QC"," 7287.975"," 13555.0"," 22757.000","2021-12-20"," 21"
"QC"," 8575.000"," 16051.0"," 26902.025","2021-12-21"," 22"
"QC","10301.000"," 19114.0"," 32010.075","2021-12-22"," 23"
"QC","12204.975"," 22824.0"," 38342.025","2021-12-23"," 24"
"QC","14620.000"," 27304.0"," 45760.075","2021-12-24"," 25"
"QC","17582.000"," 32783.5"," 54860.100","2021-12-25"," 26"
"QC","21040.975"," 39271.0"," 66084.150","2021-12-26"," 27"
"QC","25244.950"," 47040.0"," 78824.050","2021-12-27"," 28"
"QC","29801.900"," 55804.5"," 93348.125","2021-12-28"," 29"
"QC","35112.000"," 65024.0","109145.025","2021-12-29"," 30"
"QC","38495.725"," 72663.5","121738.100","2021-12-30"," 31"
"QC","40778.800"," 76226.0","127808.100","2021-12-31"," 32"
"QC","41423.975"," 77521.0","130040.025","2022-01-01"," 33"
"QC","42116.950"," 78709.5","131669.450","2022-01-02"," 34"
"QC","43238.750"," 80029.0","134369.100","2022-01-03"," 35"
"QC","43989.000"," 82208.0","138016.025","2022-01-04"," 36"
"QC","45603.000"," 84572.5","141713.000","2022-01-05"," 37"
"QC","46656.950"," 87158.0","146087.100","2022-01-06"," 38"
"QC","48049.900"," 89617.0","151122.475","2022-01-07"," 39"
"QC","49491.925"," 91946.0","154420.050","2022-01-08"," 40"
"QC","50675.975"," 94573.5","159083.150","2022-01-09"," 41"
"QC","51648.975"," 96814.5","162359.125","2022-01-10"," 42"
"QC","53245.000"," 98849.0","165380.100","2022-01-11"," 43"
"QC","53890.875","100632.5","168919.075","2022-01-12"," 44"
"QC","54700.825","102260.0","171001.200","2022-01-13"," 45"
"QC","55160.900","103458.5","173226.150","2022-01-14"," 46"
"QC","56126.950","104749.0","175577.050","2022-01-15"," 47"
"QC","56593.900","105451.5","176405.175","2022-01-16"," 48"
"QC","56845.750","105822.0","177321.025","2022-01-17"," 49"
"QC","56687.950","105867.0","177914.250","2022-01-18"," 50"
"QC","56898.925","106215.0","178300.350","2022-01-19"," 51"
"QC","56802.000","105824.0","177698.175","2022-01-20"," 52"
"QC","56328.800","105410.5","176541.275","2022-01-21"," 53"
"QC","55933.000","104463.0","175467.525","2022-01-22"," 54"
"QC","55500.950","103417.0","173329.125","2022-01-23"," 55"
"QC","54978.950","102308.5","171442.475","2022-01-24"," 56"
"QC","54347.850","100839.5","168632.075","2022-01-25"," 57"
"QC","53270.850"," 99281.0","166811.125","2022-01-26"," 58"
"QC","52214.975"," 97515.0","162738.425","2022-01-27"," 59"
"QC","51327.875"," 95592.0","160923.375","2022-01-28"," 60"
"QC","50273.950"," 93711.0","157170.875","2022-01-29"," 61"
"QC","49076.000"," 91759.5","153738.125","2022-01-30"," 62"
"QC","48174.925"," 89444.5","150215.125","2022-01-31"," 63"
"QC","46875.975"," 87270.0","146369.425","2022-02-01"," 64"
"QC","45585.950"," 85072.5","143011.025","2022-02-02"," 65"
"QC","44227.725"," 82732.0","139046.425","2022-02-03"," 66"
"QC","43123.975"," 80449.5","134979.050","2022-02-04"," 67"
"QC","41611.975"," 78060.0","131129.275","2022-02-05"," 68"
"QC","40422.000"," 75712.5","126906.000","2022-02-06"," 69"
"QC","39380.975"," 73603.0","123128.000","2022-02-07"," 70"
"QC","38293.875"," 71183.5","119318.000","2022-02-08"," 71"
"QC","37009.975"," 69081.0","115658.100","2022-02-09"," 72"
"QC","35684.950"," 66654.0","111747.075","2022-02-10"," 73"
"QC","34661.875"," 64573.0","108269.025","2022-02-11"," 74"
"QC","33536.975"," 62353.5","104339.025","2022-02-12"," 75"
"QC","32321.975"," 60336.5","100881.000","2022-02-13"," 76"
"QC","31199.900"," 58357.0"," 98181.125","2022-02-14"," 77"
"QC","30180.850"," 56350.5"," 94488.000","2022-02-15"," 78"
"QC","29046.975"," 54352.0"," 91084.200","2022-02-16"," 79"
"QC","28230.900"," 52521.5"," 88008.050","2022-02-17"," 80"
"QC","27277.000"," 50648.5"," 84899.050","2022-02-18"," 81"
"QC","26149.975"," 49000.0"," 82056.000","2022-02-19"," 82"
"QC","25235.000"," 47265.0"," 79140.075","2022-02-20"," 83"
"QC","24472.925"," 45761.0"," 76678.150","2022-02-21"," 84"
"QC","23695.975"," 44135.0"," 73722.000","2022-02-22"," 85"
"QC","22760.950"," 42533.0"," 71418.000","2022-02-23"," 86"
"QC","22094.000"," 41093.0"," 68916.100","2022-02-24"," 87"
"QC","21252.000"," 39801.0"," 66617.050","2022-02-25"," 88"
"QC","20527.950"," 38328.5"," 64145.100","2022-02-26"," 89"
"QC","19916.975"," 37100.0"," 62345.075","2022-02-27"," 90"
"QC","19267.925"," 35845.0"," 60156.075","2022-02-28"," 91"
"QC","18646.000"," 34744.0"," 58238.025","2022-03-01"," 92"
"QC","17912.950"," 33421.0"," 56125.025","2022-03-02"," 93"
"QC","17412.950"," 32368.0"," 54369.050","2022-03-03"," 94"
"QC","16755.975"," 31345.0"," 52588.000","2022-03-04"," 95"
"QC","16143.975"," 30330.0"," 50719.100","2022-03-05"," 96"
"QC","15729.000"," 29354.0"," 49415.000","2022-03-06"," 97"
"QC","15214.975"," 28454.0"," 47631.050","2022-03-07"," 98"
"QC","14779.000"," 27598.0"," 46399.325","2022-03-08"," 99"
"QC","14345.950"," 26833.0"," 45037.075","2022-03-09","100"
"QC","14134.975"," 26395.0"," 44226.025","2022-03-10","101"
"QC","14159.000"," 26389.0"," 44387.000","2022-03-11","102"
"QC","14465.000"," 27053.0"," 45375.050","2022-03-12","103"
"QC","14973.000"," 27902.0"," 46815.075","2022-03-13","104"
"QC","15384.975"," 28672.0"," 48072.050","2022-03-14","105"
"QC","15771.000"," 29297.0"," 49416.000","2022-03-15","106"
"QC","15956.000"," 29750.0"," 50056.000","2022-03-16","107"
"QC","16202.975"," 30172.0"," 50590.075","2022-03-17","108"
"QC","16472.000"," 30589.0"," 51337.050","2022-03-18","109"
"QC","16674.975"," 31133.5"," 52240.025","2022-03-19","110"
"QC","17077.000"," 31861.0"," 53089.050","2022-03-20","111"
"QC","17592.975"," 32901.0"," 55030.125","2022-03-21","112"
"QC","18325.975"," 34091.5"," 57073.125","2022-03-22","113"
"QC","18911.000"," 35263.5"," 59130.050","2022-03-23","114"
"QC","19452.000"," 36417.0"," 61140.100","2022-03-24","115"
"QC","19985.000"," 37422.0"," 63050.075","2022-03-25","116"
"QC","20558.000"," 38448.0"," 64300.000","2022-03-26","117"
"QC","21160.000"," 39514.5"," 66273.125","2022-03-27","118"
"QC","21688.950"," 40451.0"," 67815.075","2022-03-28","119"
"QC","22179.925"," 41485.5"," 69784.025","2022-03-29","120"
"QC","22729.950"," 42410.0"," 71159.075","2022-03-30","121"
"QC","23274.925"," 43625.0"," 72855.025","2022-03-31","122"
"QC","23860.975"," 44528.5"," 74654.025","2022-04-01","123"
"QC","24436.900"," 45348.0"," 76263.150","2022-04-02","124"
"QC","24788.000"," 46500.0"," 78031.025","2022-04-03","125"
"QC","25329.950"," 47358.0"," 79507.000","2022-04-04","126"
"QC","25923.000"," 48322.5"," 81241.025","2022-04-05","127"
"QC","26402.975"," 49343.0"," 82542.000","2022-04-06","128"
"QC","27012.000"," 50276.0"," 83929.050","2022-04-07","129"
"QC","27593.000"," 51168.0"," 85788.025","2022-04-08","130"
"QC","27841.975"," 52110.0"," 87543.050","2022-04-09","131"
"QC","28384.000"," 52856.0"," 88562.150","2022-04-10","132"
"QC","28863.000"," 53758.0"," 89822.050","2022-04-11","133"
"QC","29050.925"," 54535.0"," 91522.125","2022-04-12","134"
"QC","29638.950"," 55395.0"," 92736.050","2022-04-13","135"
"QC","29980.000"," 55994.5"," 93902.250","2022-04-14","136"
"QC","30472.950"," 56621.5"," 95382.050","2022-04-15","137"
"QC","30646.950"," 57428.5"," 96446.150","2022-04-16","138"
"QC","31014.975"," 57882.0"," 97193.000","2022-04-17","139"
"QC","31158.975"," 58451.0"," 98073.025","2022-04-18","140"
"QC","31688.975"," 58943.0"," 98853.000","2022-04-19","141"
"QC","31876.000"," 59504.5"," 99726.125","2022-04-20","142"
"QC","32159.975"," 59978.0","100246.025","2022-04-21","143"
"QC","32407.000"," 60270.5","101321.150","2022-04-22","144"
"QC","32362.000"," 60518.0","101595.050","2022-04-23","145"
"QC","32554.975"," 60707.5","102098.025","2022-04-24","146"
"QC","32623.975"," 61015.5","102428.100","2022-04-25","147"
"QC","32803.925"," 61317.5","102877.250","2022-04-26","148"
"QC","32818.000"," 61531.5","102840.050","2022-04-27","149"
"QC","33163.000"," 61694.0","103596.050","2022-04-28","150"
"QC","33130.950"," 61433.0","103295.125","2022-04-29","151"
"QC","33086.975"," 61612.5","103756.200","2022-04-30","152"
"QC","33017.000"," 61582.0","103120.225","2022-05-01","153"
"QC","33022.900"," 61443.0","103086.025","2022-05-02","154"
"QC","32816.950"," 61337.0","102617.125","2022-05-03","155"
"QC","32667.975"," 61151.5","102910.200","2022-05-04","156"
"QC","32708.000"," 61002.5","102434.075","2022-05-05","157"
"QC","32634.975"," 60629.0","101767.250","2022-05-06","158"
"QC","32429.950"," 60381.0","101378.100","2022-05-07","159"
"QC","32478.950"," 60093.0","100911.025","2022-05-08","160"
"QC","32052.950"," 59849.0","100313.075","2022-05-09","161"
"QC","32094.950"," 59419.5"," 99921.000","2022-05-10","162"
"QC","31644.850"," 59327.0"," 99289.025","2022-05-11","163"
"QC","31650.975"," 58900.0"," 98689.075","2022-05-12","164"
"QC","31216.975"," 58319.5"," 97983.100","2022-05-13","165"
"QC","30941.000"," 57929.5"," 97011.050","2022-05-14","166"
"QC","30787.000"," 57410.0"," 96673.125","2022-05-15","167"
"QC","30506.975"," 56941.0"," 95524.000","2022-05-16","168"
"QC","30270.000"," 56441.5"," 94567.200","2022-05-17","169"
"QC","30023.000"," 55942.0"," 93902.250","2022-05-18","170"
"QC","29730.925"," 55520.0"," 92786.250","2022-05-19","171"
"QC","29244.950"," 54947.0"," 92008.025","2022-05-20","172"
"QC","29084.950"," 54314.5"," 91659.050","2022-05-21","173"
"QC","28938.975"," 53929.0"," 90371.000","2022-05-22","174"
"QC","28650.975"," 53439.0"," 89332.050","2022-05-23","175"
"QC","28313.925"," 52736.0"," 88697.050","2022-05-24","176"
"QC","27858.950"," 52183.0"," 87171.075","2022-05-25","177"
"QC","27743.000"," 51840.0"," 86759.025","2022-05-26","178"
"QC","27613.875"," 51117.5"," 85795.000","2022-05-27","179"
"QC","27106.900"," 50752.0"," 84787.125","2022-05-28","180"
"QC","26841.975"," 50197.0"," 84471.125","2022-05-29","181"
"QC","26440.000"," 49631.0"," 82986.175","2022-05-30","182"
"QC","26467.950"," 49183.5"," 82584.075","2022-05-31","183"
"QC","26105.950"," 48589.0"," 81496.050","2022-06-01","184"
"QC","25674.975"," 48101.5"," 80392.150","2022-06-02","185"
"QC","25436.975"," 47567.5"," 79777.000","2022-06-03","186"
"QC","25258.975"," 47230.0"," 79027.025","2022-06-04","187"
"QC","25005.975"," 46689.0"," 78331.000","2022-06-05","188"
"QC","24732.975"," 46255.0"," 77656.125","2022-06-06","189"
"QC","24638.975"," 45768.0"," 76558.075","2022-06-07","190"
"QC","24283.975"," 45289.5"," 75714.075","2022-06-08","191"
"QC","24178.975"," 44902.5"," 75016.050","2022-06-09","192"
"QC","23824.975"," 44274.0"," 74576.025","2022-06-10","193"
"QC","23584.000"," 43990.5"," 73783.050","2022-06-11","194"
"QC","23342.000"," 43549.0"," 72962.025","2022-06-12","195"
"QC","23117.950"," 43227.0"," 72599.000","2022-06-13","196"
"QC","22942.950"," 42699.5"," 71755.025","2022-06-14","197"
"QC","22652.950"," 42388.5"," 71131.050","2022-06-15","198"
"QC","22487.975"," 42008.0"," 70567.125","2022-06-16","199"
"QC","22367.950"," 41628.0"," 69937.000","2022-06-17","200"
"QC","22230.000"," 41264.0"," 69202.250","2022-06-18","201"
"QC","21981.975"," 40944.0"," 68686.150","2022-06-19","202"
"QC","21730.950"," 40570.0"," 68113.100","2022-06-20","203"
"QC","21652.000"," 40269.0"," 67453.025","2022-06-21","204"
"QC","21340.975"," 39906.0"," 66873.000","2022-06-22","205"
"QC","21201.975"," 39709.0"," 66598.100","2022-06-23","206"
"QC","21159.000"," 39464.5"," 66077.000","2022-06-24","207"
"QC","20974.950"," 39128.0"," 65538.000","2022-06-25","208"
"QC","20817.975"," 38881.0"," 65294.025","2022-06-26","209"
"QC","20654.975"," 38588.5"," 64703.025","2022-06-27","210"
"QC","20625.000"," 38358.0"," 64304.200","2022-06-28","211"
"QC","20439.000"," 38064.0"," 63863.200","2022-06-29","212"
"QC","20301.900"," 37912.0"," 63488.050","2022-06-30","213"
"QC","20233.975"," 37729.5"," 63226.075","2022-07-01","214"
"QC","20180.975"," 37508.0"," 62891.200","2022-07-02","215"
"QC","19994.000"," 37300.0"," 62685.050","2022-07-03","216"
"QC","19865.975"," 37138.0"," 62179.000","2022-07-04","217"
"QC","19743.000"," 36929.5"," 62050.075","2022-07-05","218"
"QC","19793.975"," 36812.5"," 61379.125","2022-07-06","219"
"QC","19663.975"," 36632.5"," 61578.050","2022-07-07","220"
"QC","19608.950"," 36528.0"," 61124.075","2022-07-08","221"
"","","","","",""
