date,CAN,AB,BC,MB,NB,NL,North,NS,ON,PEI,QC,SK
9 Jul 2022,33426.30430690723,845.410636140116,3100.6255269814565,499.50978132857796,1682.7133968422665,1377.96188662588,160.70723558268674,1651.7503734439154,11249.99250086903,244.73201482408842,12128.118145353557,484.7828089156563
8 Jul 2022,32287.172850986153,855.3711219251041,2986.6306805777313,493.1568633677409,1525.5285699871358,1186.5919472581545,158.94540952077054,1634.9351940933043,10949.473070530059,233.84898211213408,11772.196573259851,490.49443835417065
7 Jul 2022,31184.41447993125,864.6578537598691,2874.1971606814145,486.43968251369427,1381.762393385031,1020.8652431027717,157.10002871121867,1616.8119172885517,10647.239827995132,223.24565345576067,11416.275001166143,495.81971787165895
6 Jul 2022,30113.381670950515,873.1958518389077,2763.3077604833466,479.3476226608707,1250.3282922320786,877.4312659962366,155.16471689460553,1597.3354398120332,10343.285684995664,212.91595507631413,11060.353429072433,500.7156518880213
5 Jul 2022,29069.931903867055,880.9049919048764,2653.945444987725,471.8698108731474,1130.2246686230735,753.3691420382918,153.13284438301977,1576.4593872600499,10037.603527413545,202.85393455830177,10704.431856978727,505.13629484629723
4 Jul 2022,28050.36635230024,887.6997039043794,2546.093349390938,463.99511169979803,1020.5284176767993,646.133332912388,150.9975182555891,1554.136081427036,9730.186215193007,193.0537585420653,10348.510284885018,509.03257841321704
3 Jul 2022,27051.37581740605,893.4886543429101,2439.734777475154,455.71212137207453,920.3889293763473,553.506120900738,148.7515722065762,1530.3165068973512,9421.02658225232,183.50971045889108,9992.58871279131,512.3521293323746
2 Jul 2022,26262.154172031544,904.7948284212162,2352.0633336380306,450.3040531396355,835.1332407862462,477.04660552017947,147.4665743637827,1516.0432206384335,9177.267841562696,175.50033065977922,9707.698728103744,518.8354151978036
1 Jul 2022,25487.818159762024,915.4549687619711,2265.5894605060726,444.5769486584787,757.1221700357022,410.7948601997646,146.10041068125827,1500.6095697259416,8932.116806697424,167.69597436866604,9422.808743416177,524.9482467105714
30 Jun 2022,24726.255726873642,925.3940286434438,2180.299973814192,438.5214641067968,685.7707959951366,353.4207322005066,144.6471756909502,1483.9752941251381,8685.56771636224,160.09219728774158,9137.91875872861,530.647589918885
29 Jun 2022,23975.56110294083,934.5317614525029,2096.181820872033,432.12802915074616,620.5398499221612,303.7642848349859,143.1007251997383,1466.0989962807935,8437.61478824756,152.68464383580883,8853.028774041044,535.8874291034517
28 Jun 2022,23133.335660736895,942.782414762366,2013.2220793229064,425.38684192580104,560.9322372395824,260.81431961303065,141.45466706723872,1446.938111891746,8188.252218956845,145.4690454626823,8568.138789353477,439.94493514121734
27 Jun 2022,22304.308302420995,950.8902173669063,1930.7126492140048,418.5285284390786,503.71269095901266,220.74137479989946,139.78190757635394,1427.3562315914724,7938.364512203345,138.32983005881198,8283.248804665911,352.64155554619555
26 Jun 2022,21488.881028655596,958.8124995072918,1848.6806042268968,411.5428515564894,448.98133990485053,183.65120566856976,138.0787605569826,1407.314247839016,7687.915934733813,131.27125556326965,7998.358819978344,274.27350912007114
25 Jun 2022,20839.93589360499,973.6237674812312,1780.1808617620206,407.39938108850026,399.76720166185805,150.75450243990656,137.34599877641452,1396.9903333494997,7491.684369482764,125.21408780694148,7770.324585082593,206.65080467326135
24 Jun 2022,20205.01778755411,988.8020526417824,1711.978849627803,403.22173497554303,352.72024601512703,120.6701172139336,136.6237576769275,1386.574875721596,7295.161940309882,119.21194920716248,7542.29035018684,147.76191397751015
23 Jun 2022,19584.800383322457,1004.3507855711852,1644.093815504838,399.00580096545684,307.954703260907,93.53983101612248,135.91147820835207,1376.0537407433153,7098.3273655178255,113.2681981654529,7314.25611529109,98.0385490779133
22 Jun 2022,18979.991338907672,1020.2715296616741,1576.5466892925274,394.7469042348204,265.59202473985266,69.51354238943104,135.20842015336308,1365.4106816672709,6901.157238856173,107.38646534229088,7086.2218803953365,57.935962174929976
21 Jun 2022,18573.923745294727,1071.0929120407961,1585.3775816620205,406.45715421844807,265.63890128200524,92.07213843172144,133.31055995146218,1373.439288693245,6622.712728965948,103.94554260140973,6858.187645499586,61.689291948079756
20 Jun 2022,18182.78982295787,1126.6148893153666,1596.162095451829,419.28203380921383,265.94235891056434,119.14982800020445,131.80753786585473,1383.180185194907,6343.853097460059,100.84285714285716,6630.1534106038325,65.80152920318326
19 Jun 2022,17809.88286442498,1187.5086688056142,1609.1731996063932,433.37959712858117,266.5380620587943,151.40534498756463,130.75683890063934,1394.8726777838442,6064.530904699018,99.27428571428572,6402.1191757080815,70.32410903215931
18 Jun 2022,17584.130792936623,1263.825281034545,1636.7125981319032,452.2480016406084,269.44005160491884,191.02728874925114,131.18736856780762,1419.1866552010063,5827.330084218523,97.7057142857143,6219.593937618304,75.87381188404399
17 Jun 2022,17385.38492105963,1349.1324390855027,1668.398269620572,473.32391056566877,272.89933033595173,238.37352640267213,132.29751557966867,1447.1307711687236,5588.52605521621,96.13714285714286,6037.068699528529,82.09726069898787
16 Jun 2022,17218.53495630225,1445.030645865503,1704.931381937485,496.9934845191608,277.0091052258338,294.9020441996989,134.2150818259679,1479.319231613516,5347.90640520336,94.56857142857143,5854.543461438752,89.11554304439616
15 Jun 2022,17089.672910291294,1553.509249789625,1747.1769944691757,523.7355105453905,281.8841790799569,362.4395383641864,137.1001101844975,1516.5098664017678,5105.21987270142,93,5672.018223348974,97.07936540630067
14 Jun 2022,16971.493469971076,1606.6819779651303,1751.074080512247,510.3670191731438,284.7685062417938,360.31900224991483,140.78750695291234,1530.1329552495688,5077.0311164417835,110.74280537507401,5489.492985259198,110.09551455031304
13 Jun 2022,16863.989803650697,1660.9460979654273,1754.6324598446163,496.92838839527735,287.6345309090268,358.10484393346394,144.77978451403885,1543.6206317953336,5047.530384235505,138.79561579248877,5306.967747169421,124.04931909609817
12 Jun 2022,16759.94122323353,1716.2401823220275,1757.787499238225,483.4143773095835,290.47085153712624,355.7856252987074,149.07860472514375,1556.9121846225023,5016.555235454396,170.30029791861494,5124.442509079645,138.95385572756058
11 Jun 2022,16781.774904498627,1785.5491677612056,1773.4409560012123,473.28223758241916,295.4256860306721,355.95288636742583,154.81677479841122,1581.5083394408932,5020.657549602412,206.83754029846105,4978.343996481481,155.95977013403265
10 Jun 2022,16814.151876885862,1857.5818167594946,1789.557964535448,463.1187471559642,300.52924748185137,356.1477716082157,161.021474780923,1606.8351285274887,5025.180634579109,247.65768322332724,4832.2454838833155,174.2759243507249
9 Jun 2022,16857.496397011102,1932.4505263957249,1806.1458704510587,452.9213186172944,305.78592312561796,356.3690687256444,167.7146068122643,1632.9130822505158,5030.108587830962,292.9747824008728,4686.146971285152,193.9656591159951
8 Jun 2022,17022.519393878963,2023.378448731916,1835.0986494427366,445.5737044379013,313.22911783044714,358.9404942364698,176.0596115330141,1670.5842331782446,5068.253607591512,345.2508771009601,4569.652741255455,216.49790854030485
7 Jun 2022,17567.229510506655,2465.420608016785,1895.614553461956,465.8974828513753,335.86753263001594,341.7811971461034,154.95329863453983,1679.92763449694,5257.619934912536,311.35695801433013,4451.629292386669,207.16101795540476
6 Jun 2022,18181.748729540428,2963.508516421261,1958.5378597899442,487.16740075292705,359.86560128338164,324.615194238262,135.3786373332282,1689.4355082789436,5454.973092382988,278.42503563073006,4332.046314673724,197.7955687550382
5 Jun 2022,18870.52559960055,3521.3326608154916,2023.9608795958188,509.42664274583115,385.29639472455426,307.45778501218,117.47317669840895,1699.09168822092,5660.643280789666,246.56261449516632,4210.872691768305,188.40778473420988
4 Jun 2022,19346.704103419404,4081.2958901151537,2060.9179296569328,524.8104832693895,406.11577958658756,286.0162045043177,99.88038753544802,1683.5064282611208,5787.742902106796,212.68204532982708,4027.388682538664,176.34737051516214
3 Jun 2022,19858.09292919554,4683.0468733468515,2095.988380135312,539.9125934143092,427.17211945802205,264.8157741275641,84.58516850215206,1665.7698310456992,5910.2298177630155,180.77531014532,3841.4311400637434,164.36592119355004
2 Jun 2022,20399.684581340483,5324.3290012924535,2128.571510319235,554.5588436619504,448.3026387367773,243.89832101465666,71.69505190632165,1645.5737742711278,6026.332412221058,150.99063007435703,3652.949706653946,152.48269118859693
1 Jun 2022,20995.463079211786,6010.512314107502,2161.114336247186,569.3710949069526,469.9900491676884,223.6387637996763,61.39766118571136,1624.9464071997327,6142.915841431709,123.66176882138534,3466.988563995686,140.9262783485591
31 May 2022,20719.516878223156,5592.670328052398,2232.5851603924716,610.6015981959938,465.09089291271823,219.95435666398646,64.05102200809172,1573.0222680657719,6428.006738926215,107.78139678341826,3277.909097562589,147.84401865950838
30 May 2022,20397.97433388141,5177.620511376645,2294.3465224422716,649.6986243935597,458.47158619544774,215.50955600960475,66.59806649949117,1516.9222352982606,6686.09851580047,92.92864512543552,3085.6322088835536,154.1478618566728
29 May 2022,20019.480828884974,4765.840438252596,2344.1619198270987,685.6939363657683,449.9214864039734,210.21948359030068,68.95051609095123,1456.2907776034212,6909.533480753898,79.13679382526988,2890.076101490976,159.65589468072153
28 May 2022,24637.053081050424,5485.905692240601,2995.4138561212385,903.1842984119693,552.8962525629315,256.79374911695425,89.38534722801961,1750.739459651558,8924.66628814228,83.63368736819608,3387.7822726587474,206.6521775479231
27 May 2022,29787.177790423193,6186.993576446018,3751.0400787247477,1163.6503099393317,666.6383529037151,307.7923453518082,113.65977599644395,2065.095469282757,11290.408786044274,85.82718570775553,3894.1239333044423,261.947976721899
26 May 2022,35541.976985037654,6867.321302770529,4624.7582079426375,1473.5396665569995,792.2598617915302,363.6501276622349,142.3870432759639,2401.012019424235,14055.243028611423,85.77617929273298,4409.327796321579,326.70175138778706
25 May 2022,41495.736201819185,7437.624396381069,5566.675731344777,1818.8154039511785,920.1927916707422,419.91854452888947,174.2197015603155,2728.2656288643598,17073.514231555648,82.60042438341179,4876.353378352542,397.555969226252
24 May 2022,46598.90208145158,8367.808864056511,6065.141250121732,2063.017912709826,1060.5587477810145,433.1117720916978,188.68206316472458,3027.576746077758,19443.446765803095,172.42072642918237,5340.6936772511,436.44355596492863
23 May 2022,51910.97376618643,9331.865289148845,6555.704119816694,2318.6703635798326,1210.111977974269,442.73332540562666,203.47998490235676,3331.863687848554,21936.032747637164,302.8635778695525,5802.37178621125,475.2769057922795
22 May 2022,57436.13144126042,10329.329698533182,7038.563442912288,2585.6798616812403,1368.8662597469736,449.07959406707164,218.76950248057634,3640.995783334959,24550.588577896968,478.795166789963,6261.410534384715,514.053019432485
21 May 2022,60553.234212494,10887.781269309158,7201.741562972251,2744.9615336590045,1472.975038182402,433.6337869288413,224.94472728263108,3790.5382210047887,26152.70122069923,675.4169334091587,6438.736021683415,529.8038973631247
20 May 2022,63773.63614941744,11458.437721418644,7362.441228471176,2908.6227224235354,1580.9488721449427,417.8872838105432,231.88036434669894,3941.6263962470066,27802.965386883952,908.2518991832818,6615.053522059046,545.520752428618
19 May 2022,67097.30295046938,12041.076190233216,7520.72315722161,3076.601025582772,1692.7550634530694,401.9091021660231,239.60454475279386,4094.2138124991543,29500.77448127715,1178.0712123846192,6790.371605836675,561.2027550623112
18 May 2022,70143.90618146842,12567.360132355643,7635.263922090169,3231.3195703072342,1798.610269506979,383.68438903936294,246.80495226924464,4225.354048114069,31077.070782892497,1477.5441341540477,6927.154460375333,573.7395203638451
17 May 2022,70075.61002191665,12327.16747013599,7630.96248801998,3206.4919822121706,2018.0736915398413,382.59551232718195,259.5960586986139,4209.316605314798,30891.95974960654,1513.7257567263443,7061.711904068157,574.0088032670318
16 May 2022,70047.87726493926,12102.3915630807,7629.03594085871,3183.679909024743,2241.146030248123,381.662307111851,273.2272880197884,4195.16810763294,30723.738824882166,1549.2966844258324,7194.097808701523,574.4328009528782
15 May 2022,70056.14871839821,11891.616877818764,7629.221093313665,3162.689627904089,2467.069763147072,380.86865753982494,287.581189603619,4182.716958762952,30570.752933324544,1584.273704486734,7324.364321173621,574.9935913233226
14 May 2022,71849.27843582559,11986.007814749124,7822.116793265359,3221.9538473235184,2762.5886734431356,389.70777781245886,310.1214252592012,4276.115518680338,31192.52327584193,1659.1497939806459,7638.9225704405835,590.070945029297
13 May 2022,73588.73542281405,12068.684781021742,8007.561273237092,3278.0125359722756,3067.664056351721,398.16878831312954,333.58056918391037,4365.3383222524335,31783.46972861998,1733.1393576307628,7948.524343615933,604.5916666150679
12 May 2022,75279.10755002021,12141.096683303193,8186.133955088891,3331.165545445883,3381.32361448219,406.28297024241124,357.88545793545654,4450.739606679798,32346.354957670483,1806.2411018473865,8253.28587332381,618.5977840007188
11 May 2022,76772.79638108573,12180.443329209964,8341.879771264692,3375.0126262829203,3695.3697380900817,413.2620786436844,382.2111221365786,4523.70094259175,32818.815010714,1874.7545682647751,8536.46607258218,630.8811213051133
10 May 2022,75416.38501937955,11845.905999056615,8036.327329150472,3215.959660511072,3501.2960229249434,470.8583088561117,382.30103776999545,4335.4752307009085,32459.11110850612,1708.0786159136621,8814.19901854601,646.8726874436363
9 May 2022,74213.0872128062,11540.023109075984,7756.665356923733,3070.626160848314,3324.225107968188,529.1844707380202,382.7065875728464,4163.291479343717,32138.874152418324,1558.2614540225732,9086.640388924556,662.5889449699499
8 May 2022,73143.22893455677,11259.298876962694,7499.74162676394,2937.3346194397327,3162.0707351677133,587.9982141534787,383.3806270643763,4005.193690487653,31853.062443150604,1423.173915817797,9353.939985229861,678.0342003189137
7 May 2022,77257.60222404536,11772.977657972804,7772.711014993385,3012.243804916475,3224.5738326026185,692.5236179263532,411.25829544579955,4130.448973948752,33815.39561902657,1392.346388203616,10291.250084337593,741.8729346713905
6 May 2022,81003.95840862361,12219.806635330377,7998.042554976406,3067.3687443624867,3265.288434981057,802.0088171423905,437.5872279670758,4229.483372863491,35617.59785730214,1351.5210013219205,11211.198045784928,804.0557165913458
5 May 2022,84436.02850203759,12609.88961978631,8183.576429727352,3106.2992064119994,3288.375850516921,915.8245910427604,462.5495275395697,4306.815741405099,37280.19536164272,1303.5611463726154,12114.261850499728,864.6791770925383
4 May 2022,87901.23702407526,12996.387158919564,8364.572969146979,3142.7799990847357,3308.5974494063603,1036.9784408031987,487.9810978775755,4381.234113821467,38954.76013918178,1255.0145381869343,13045.903976593105,927.0271410535712
3 May 2022,91558.8095451554,13466.867371670363,8503.438970353676,3341.0332777390386,3300.5444033577996,1136.1194101051117,482.9321194295725,4548.7920186755155,40602.991650177886,1223.0759608886165,13967.0532301077,985.9611326501009
2 May 2022,94996.915186175,13898.929543386937,8611.529311300037,3535.0130902624155,3279.2089823461783,1236.7864781796372,476.0104753160602,4703.823995156242,42147.84410217258,1186.2158244861387,14877.88588661038,1043.6674969583933
1 May 2022,98237.97649256668,14296.413559174021,8692.803780181945,3724.9448981004416,3246.770177464326,1338.8047661695189,467.5802996609041,4847.546415894605,43598.76645282181,1145.56269906988,15778.574295188133,1100.2091488411218
30 Apr 2022,97670.32820538891,14137.095871816107,8437.012113540939,3770.836910004121,3090.1972224061224,1390.3224508420924,441.53364862154785,4802.480306495585,43352.32351018198,1062.5588453780188,16071.749714573903,1114.2176115284947
29 Apr 2022,97148.46510346647,13984.943770747532,8193.051660096395,3816.2604759967608,2942.0493989323177,1441.5533877424402,417.082667398257,4759.511375182056,43119.26709368342,984.9686175616578,16361.695906250006,1128.0807498756412
28 Apr 2022,96669.12295971287,13839.495961237812,7960.15495810468,3861.220993054846,2801.7620419653417,1492.484342711207,394.1178650426965,4718.503544497429,42898.70017723875,912.4167481750362,16648.465931262057,1141.8003964230004
27 Apr 2022,96225.64488171603,13699.806866790303,7737.323532363676,3905.5748901431143,2668.7163165825073,1543.0449842283163,372.5248316134878,4679.153559037055,42688.17232474469,844.5276841852454,16931.465590979344,1155.3343010482986
26 Apr 2022,96153.29088738533,13147.63909163937,7479.124401107612,3816.2738646118178,2747.758982950655,1536.0634837931807,371.58994819303456,4674.394511815236,43149.51263857448,869.0659379949595,17211.377522793904,1150.490503911076
25 Apr 2022,96466.60592810164,12960.00617306273,7238.083165411891,3732.8874032593553,2825.6733811350673,1529.9203398901138,370.9519339132488,4671.479753728248,43609.840973641694,893.253287627572,17488.251986487514,1146.257529944208
24 Apr 2022,96811.20011355905,12785.265889507675,7012.585951513646,3654.864928858967,2902.495733279829,1524.534135923709,370.57913613462836,4670.221443616251,44068.837749674836,917.1011218282189,17762.138156938938,1142.5758662823532
23 Apr 2022,99910.69605900728,12976.460499953031,6992.069837448337,3682.232615938376,3061.8370080029667,1562.4830602917914,380.83930270774624,4801.517651163279,45775.73789045246,967.0161228757335,18539.135067117233,1171.3670030563474
22 Apr 2022,102947.9911260172,13155.863759774467,6965.902702771342,3706.268899038006,3220.9356393431585,1599.130746041161,390.90281499998923,4929.0258272009005,47456.10076963066,1016.8374954505845,19307.835429940304,1199.187041826616
21 Apr 2022,105927.14147287914,13324.663653688292,6935.006296918466,3727.3772242447067,3379.6951759309823,1634.5787850459774,400.7875250564367,5053.013968179023,49110.99987200493,1066.5364161041084,20068.371421921758,1226.1111337844677
20 Apr 2022,108260.9545832686,13410.717653743204,6862.714722138919,3725.5762279318037,3518.827880000135,1659.8595815040487,408.2807058299553,5145.641654625977,50466.02677334428,1110.0299428664155,20707.869564804245,1245.4098764796286
19 Apr 2022,108357.55141765265,13588.887253074174,6474.694575359174,3532.1368290290898,3592.8895803532737,1718.7905442588221,417.29923696300676,5161.352726643754,50217.1555598991,1068.1494868649925,21333.85091362757,1252.3447115797035
18 Apr 2022,108078.0681265789,13436.705777317002,6096.01264193385,3342.6449501107445,3664.226589147803,1776.8673770539497,426.0236576401219,5172.856443570169,49931.17034602886,1026.5756238550982,21946.73953463407,1258.2451852872357
17 Apr 2022,107753.63859925365,13277.235374127362,5727.758690969851,3157.68471324467,3732.9941749193426,1834.0976519740095,434.47042108849575,5180.5933853230545,49613.179712625606,985.4711750123942,22546.94193852256,1263.2113614463076
16 Apr 2022,105096.46838485179,12831.469103073006,5255.951687135566,2914.0533516543605,3718.103628625039,1850.070035517549,433.19044968988885,5074.099780917169,48214.31647503549,924.766458954198,22640.210724056047,1240.2366901934774
15 Apr 2022,102583.01114792626,12407.10613981426,4818.1704779756155,2687.340375712851,3703.828515360905,1865.6824389047968,431.9812859551507,4972.10958250157,46879.19196760782,867.800112104228,22731.58808430913,1218.2121676799331
14 Apr 2022,100203.74801470069,12002.791860756826,4411.956129532537,2476.334735503567,3690.1333520234753,1880.9473606076433,430.8382969295768,4874.354532738721,45603.86553123909,814.313356018891,22821.130976910335,1197.0818824400194
13 Apr 2022,97944.92906393437,11616.685570073962,4034.849641665871,2279.810012456787,3676.7977145884133,1895.7800027021674,429.735294774173,4780.342918067361,44382.43849266399,764.029688858753,22907.72561198293,1176.7341160999763
12 Apr 2022,96812.04605473952,11422.303399393722,3835.2345905326547,2279.3281777178063,3611.1112240981406,1952.0672874473885,444.9337806958723,4732.064234260162,43652.598298881225,698.5296133205239,22992.60743580032,1191.2680125917007
11 Apr 2022,95706.68519994235,11231.358359041933,3642.7583306809556,2278.7688839618368,3546.6324748108186,2008.4435949079384,460.63360380267625,4684.410653808881,42935.53020762312,636.6437595703256,23075.826768902523,1205.6785628313341
10 Apr 2022,94628.31340595624,11043.799388868936,3457.238476652052,2278.1366127730607,3483.342438736943,2064.890263445026,476.8132446253903,4637.378747844553,42231.04764793633,578.268119039003,23157.431979795143,1219.9664862398026
9 Apr 2022,92194.11035154347,10699.159677925894,3230.066883556221,2243.793857793613,3370.684439950083,2090.0528498386184,486.16274142599366,4523.147915188798,40925.35759410722,515.5710095953557,22894.211158958264,1215.902223203401
8 Apr 2022,89851.27849259641,10367.201364187467,3015.762043275789,2210.273212498859,3262.253491962384,2114.4075900619387,495.64040336081314,4412.608843867332,39667.46866673123,457.88850093211806,22635.998628440033,1211.7757472784529
7 Apr 2022,87595.70383441531,10047.37466327132,2813.635862503053,2177.5473437561827,3157.86429502199,2137.9696226746114,505.2205033898466,4305.613253167698,38455.314518101004,404.9201465194736,22382.652796509574,1207.590829500557
6 Apr 2022,85185.0834821226,9710.533339114416,2615.3299402851026,2139.2840093637537,3048.3551838748504,2154.40354135265,513.3660841204673,4189.669906106734,37177.34348635832,368,22068.98366442209,1199.8143271242159
5 Apr 2022,83002.21554297282,9498.971698424306,2564.137818554307,2077.047934519921,3099.874552294577,2289.283073796707,483.06020471697076,4030.7555222406745,35641.66365669603,366.7981480722916,21762.904885424494,1187.718048232545
4 Apr 2022,80893.17058629169,9291.446608268869,2513.954234846836,2015.9913417323892,3153.260240468962,2430.0657047053687,454.8927286034817,3875.154752005346,34139.60924110601,378.65261373528745,21464.144239340567,1175.9988814785602
3 Apr 2022,78844.11885690484,9087.790937012633,2464.7377705032754,1956.0695015484725,3208.5838134550304,2576.9997835422478,428.881359687846,3722.7685457919233,32670.28139117293,390.9168903773621,21172.4423694104,1164.6464944027232
2 Apr 2022,75419.37592778775,8721.933832721603,2371.340502635834,1861.8238562409465,3204.9556096023,2679.3810542200645,397.48796841822923,3506.7975342125224,30649.823947399374,396.0751787530791,20497.64066246772,1132.1157811160754
1 Apr 2022,72119.75232667048,8366.378365780854,2280.4423774259917,1770.6631247791306,3200.9781969050696,2782.2870302358265,369.08355516562597,3299.09140697963,28710.99798222839,401.16249209463666,19838.41440250821,1100.2533925671232
31 Mar 2022,68941.60808646595,8020.822603323802,2191.967694536691,1682.5031280642493,3196.6009632876685,2885.588351310702,343.5803915255973,3099.433359521957,26851.677386132418,406.1702760422679,19194.230484554184,1069.0334481664013
30 Mar 2022,66072.54562567537,7705.896116494224,2111.575987406215,1601.611304269754,3200.457636359424,2997.2828237374138,333.5461810202455,2915.53104809246,25138.0721791631,412.2081678710681,18615.106809482,1041.2573717794608
29 Mar 2022,65150.531754758755,7828.0495728733795,2099.705822910029,1554.4480518912553,3152.2151620416207,2894.150959383796,344.7452159552047,2932.3116027965225,24851.10640536172,392.9757041601336,18045.847065736212,1054.976191648883
28 Mar 2022,64279.34196880648,7962.237123031798,2089.5156057736403,1508.1089348300816,3105.92931030616,2792.6174838434395,357.0671315888801,2952.4216493694216,24581.018614478675,374.0300970548292,17486.201370083723,1070.1946484458317
27 Mar 2022,63466.3030745028,8109.701779574406,2081.1200400985404,1462.5758889021442,3061.6689141077854,2692.6292545357805,375.4417956290572,2976.1686361373013,24328.642310586813,355.3619511853728,16935.928209012713,1087.0642947328947
26 Mar 2022,60121.90774205383,7930.386932426945,1989.0047683305916,1359.299388751352,2894.8623780904404,2487.0395676540884,380.0389124170379,2879.8969551529517,23100.24984086205,323.0512668703195,15717.967129923047,1060.1106015750056
25 Mar 2022,56783.16710216267,7735.22473580686,1895.055450658302,1257.5858411496974,2727.4024942737365,2285.7400456738355,383.7285261410382,2779.0974519799333,21860.000242260292,308.11999999999995,14520.067591441597,1031.1447227773644
24 Mar 2022,53429.526409006336,7521.276580266121,1798.8576003602368,1157.38232147563,2558.8855262577517,2088.7164094646973,386.25871988441645,2672.924803909452,20604.060870388344,299.63,13341.737979460631,999.7955975390541
23 Mar 2022,50660.73762605909,7375.4140230368985,1721.0218240585507,1071.772081483179,2418.493784714488,1919.4944716856699,392.1242956550592,2592.147061335281,19567.853582087824,291.13999999999993,12333.675211078658,977.6012909234755
22 Mar 2022,48292.53764940073,6967.776279130927,1671.1884023080625,1067.135810621087,2294.1121533703285,1959.3740701874249,380.39299833399605,2480.755257063588,18915.371085047205,282.2828571428571,11317.096391804655,957.0523443905983
21 Mar 2022,45722.28225971336,6533.59421279831,1611.5898163288955,1055.0112004694863,2160.1865947890997,1984.4304821322007,366.7067816480419,2357.2920355717542,18157.673187037857,273.4257142857142,10291.893149283389,930.4790853686163
20 Mar 2022,42917.08030756358,6069.492192146063,1540.544666946836,1033.7527627082973,2015.439220006947,1990.491716804295,350.6624013775785,2219.968210510939,17277.44741875665,264.5685714285714,9257.955264513572,896.7578823638308
19 Mar 2022,43785.646474065805,6127.250109987271,1601.2699813470447,1101.234482277375,2043.7311112702398,2169.1363408407083,364.8616053347902,2272.8033768200603,17875.270090219296,255.7114285714285,9034.608524809186,939.7694225884087
18 Mar 2022,44750.99092364884,6191.840610287135,1667.1038489341906,1174.8574818112793,2074.8392678334308,2365.7448637291222,380.52018208925574,2330.2044772930817,18523.21689971148,246.85428571428565,8809.342538540595,986.466467704987
17 Mar 2022,45825.914311409746,6264.153732152461,1738.7059694575148,1255.427966149794,2109.127272695461,2582.7089291519337,397.83165933379803,2392.7577728445954,19227.74393616149,237.9971428571428,8582.132460468782,1037.32747013677
16 Mar 2022,47277.48326875623,6379.403085516336,1826.6364433934164,1351.1329050618679,2158.5837527393555,2838.050537401485,419.269787662671,2474.4056340016546,20104.12711395143,229.13999999999993,8397.932872238789,1098.801136789228
15 Mar 2022,46501.75283657208,6261.124011254514,1957.7473648457062,1330.817600268158,2134.8538546135846,2814.858947250463,426.64256741965335,2394.269882909731,19598.82530739807,265.93571428571425,8210.109014603344,1106.5685717231434
14 Mar 2022,45709.701370823444,6139.538197528462,2092.404763732474,1309.7283362129688,2109.7856476169068,2789.8424009476093,433.92515647591324,2313.6923793904557,19085.854774503892,302.73142857142847,8018.552859336248,1113.6454265070893
13 Mar 2022,44900.194717636296,6014.504808598377,2230.22688883389,1287.8245949395316,2083.2948517748428,2762.872273225995,441.07570105180287,2232.6971775790157,18565.073923344742,339.5271428571428,7823.152041811433,1119.9453136195225
12 Mar 2022,47050.895344504,6287.139070012403,2532.3860098157948,1351.3076840202248,2195.408472209563,2920.184691112644,478.5921131976529,2297.974515308198,19265.951012218222,376.3228571428571,8143.534565747854,1202.0943537185935
11 Mar 2022,49282.28829507034,6567.731115926648,2869.1864552469833,1417.0818424533063,2312.35222380342,3084.9660399784148,519.1472036771511,2362.449477677162,19976.058562191432,413.11857142857133,8470.47908851591,1289.7177141713373
10 Mar 2022,51600.00821461519,6856.634340147179,3244.189802288225,1485.2654151962588,2434.4046391362363,3257.6723616402937,563.003236602415,2426.02947055764,20695.483450840635,449.91428571428565,8804.189298013654,1383.2219144783633
9 Mar 2022,53894.03558131859,7138.697432865822,3653.374643508308,1552.6079386305692,2556.3047606736804,3431.3313007046577,609.1222854047205,2483.21470498039,21377.811289464113,486.71,9125.031438669375,1479.8297864169565
8 Mar 2022,56833.82151505204,7809.727189462919,3878.4483053101767,1715.3861201252016,2682.4192496719675,3498.1704310176433,647.5309277502558,2503.6858966273235,22507.195859963947,476.8528571428571,9451.219443871334,1663.1852341084207
7 Mar 2022,59947.45528634261,8541.942160841521,4117.094328055659,1894.3519616218623,2814.032010576535,3561.5809981232837,690.2795905526905,2519.3449425428153,23691.748014283712,466.99571428571426,9782.888045078415,1867.1975203803927
6 Mar 2022,63250.31996431931,9341.32507622226,4370.367260395718,2091.1695130373846,2951.50152057335,3621.2925283787904,737.9806267202277,2529.924216163266,24935.29635264507,457.1385714285714,10120.17653961089,2094.1477591437824
5 Mar 2022,65631.66672565417,10040.79974187817,4560.519747969449,2268.444405510735,3042.5761856056747,3614.4807136650406,777.869036129165,2492.0306357959303,25795.709890958435,447.28142857142853,10285.27822247872,2306.676717091422
4 Mar 2022,68167.86683149339,10798.107693402015,4762.004152291664,2461.4581194117295,3137.8481965945957,3604.660280385301,822.8483359312554,2450.5717751905004,26699.582703502947,437.4242857142857,10453.225657601137,2540.1356314679615
3 Mar 2022,70872.88559557669,11618.771602160883,4975.7220192530785,2671.7707456275134,3237.6062910600854,3591.638340749301,873.547437508014,2405.396227021814,27650.063916833486,427.5671428571428,10624.093060199304,2796.7088123060685
2 Mar 2022,73648.9715155552,12489.617331818514,5194.631610459634,2896.641079003449,3337.0047407368875,3569.6897411383693,929.2385949630689,2352.7129009734554,28606.359031130232,417.71,10781.283332457206,3074.0831528743797
1 Mar 2022,74235.19520777396,12928.469869512386,5461.030859815477,3029.4967408138727,3387.20425199724,3322.4749204065233,893.7914784428442,2198.6636195959336,28502.524901371715,392.24142857142857,10940.757265822785,3178.5398714237485
28 Feb 2022,74862.93492134668,13377.86878122531,5735.874784523591,3166.22231695067,3438.143779112142,3082.7467489156797,859.6297160816996,2048.9669119921095,28398.694545032384,366.7728571428571,11102.564989999331,3285.4494903708946
27 Feb 2022,75533.02037030243,13838.017786012542,6019.322892386865,3306.8912822941415,3489.839618140401,2850.6487787797546,826.7781828890356,1903.7065403580405,28294.893368784316,341.30428571428575,11266.758112732341,3394.859522210712
26 Feb 2022,78595.26468289441,14751.78975083725,6506.791314668521,3558.356341176317,3651.8923794513826,2707.5744493018415,819.8642215329655,1817.5063982455817,29063.259460907782,315.8357142857143,11787.089802090732,3615.3048503963287
25 Feb 2022,81715.81689909585,15699.98454220073,7018.882440212391,3821.519069355497,3816.428070073431,2557.962433532739,812.1049271410866,1726.7669145471102,29812.77052124193,290.3671428571429,12315.207091463728,3843.8237464700696
24 Feb 2022,84899.37890021772,16683.36902523677,7556.267306151236,4096.678758499415,3983.5021101162533,2403.0138323825267,803.7009712293702,1632.2025420515283,30543.86640790934,264.8985714285715,12851.286039148354,4080.5933360643735
23 Feb 2022,88068.62561783659,17686.2061805623,8112.051212168354,4380.048921450087,4149.295178346734,2241.8274414459784,794.1100052507863,1533.0904002751236,31227.803428107618,239.43000000000004,13383.005114856105,4321.757735373507
22 Feb 2022,91365.06729602453,18508.925874386157,8986.930097754934,4587.989187433107,3973.0457035781637,2173.44271409014,765.8325249619186,1520.2617841651643,32305.579164926643,235.83857142857147,13921.84831947103,4385.373353828687
21 Feb 2022,94744.97700170202,19344.937490249038,9899.603099915521,4799.374893545424,3802.377848457555,2106.859361033913,739.2525914105437,1507.7254397425584,33395.3332942616,232.2471428571429,14467.959795392833,4449.306044835896
20 Feb 2022,98208.40767365483,20194.3696328279,10849.459765359863,5014.235008408465,3637.186244073757,2042.0554961084451,714.3358421103633,1495.4962117615942,34497.49574186144,228.6557142857143,15021.4876,4513.6304168572715
19 Feb 2022,99057.41975188431,20497.791368168397,11521.434632292796,5093.552405345038,3384.9473134389527,1926.41307906805,672.6830029972857,1444.1604773567267,34666.13010879297,225.06428571428572,15168.494780786645,4456.748297923166
18 Feb 2022,99956.80433803708,20801.654373041496,12194.761211399384,5172.904816894539,3151.2058428949463,1818.6609502344465,634.7916111260363,1396.0019054929305,34843.85504474357,221.47285714285718,15317.52584015734,4403.969884909544
17 Feb 2022,100903.2666919305,21106.192541874334,12869.243684311943,5252.355900765584,2934.341899610025,1718.1212900833632,600.3277120840394,1350.7630208393969,35030.406046855365,217.8814285714286,15468.622862543883,4355.010304391147
16 Feb 2022,100263.33196843615,21068.25734923555,13327.546080954931,5246.459205024319,2689.0799234658307,1598.1403228320012,559.8686992028152,1287.2329362074051,34660.65005302616,214.29,15371.306900943646,4240.500497543503
15 Feb 2022,101999.8262955589,21482.820040066817,14373.051272438779,5460.164032211939,2599.7301581523056,1555.9579175781432,533.7721706821211,1278.5540630226506,34525.879674030926,212.90142857142857,15275.7592883531,4701.236250450697
14 Feb 2022,103750.96027734473,21887.664633074022,15425.438292923034,5671.421729348396,2514.148324817875,1515.3845606268947,509.8847103702835,1270.0428166606487,34392.2967875773,211.51285714285714,15181.93225918335,5171.233305620071
13 Feb 2022,105512.78678995365,22282.962728978968,16482.60961397109,5880.120043619897,2432.139436107235,1476.3416054612378,488.05709274541124,1261.6943329374722,34259.90813560538,210.1242857142857,15089.779752782073,5649.049762030603
12 Feb 2022,114838.89644376512,24266.678216694636,18779.143153198544,6515.1394731506325,2519.4053335663643,1540.1638544570349,501.14768529835624,1341.855546374741,36534.237413045244,218.98929906906397,16056.460668674184,6565.675800236306
11 Feb 2022,124413.85930371481,26285.03746484166,21218.970465185826,7173.554395683898,2598.3434556286525,1599.7054555539733,513.2960407574286,1420.5362378735992,38777.76384834102,266.48891196905936,17006.191815995495,7553.9712118842035
10 Feb 2022,134199.82277141773,28335.9547711296,23799.260096329086,7854.48772844511,2669.5334569968527,1655.2269366498213,524.7573093518226,1497.7774191848455,40991.0156913693,319.2236898610558,17939.41511590552,8613.170556194727
9 Feb 2022,143659.74616839294,30305.157562051714,26419.090445420494,8525.486558036806,2723.4247709006113,1700.671434060636,533.7821376544914,1567.8106150458989,43015.163809144775,375.82861832250137,18786.960760546444,9706.369457208555
8 Feb 2022,152099.37145770088,31931.579096135298,28577.586679849483,9022.825210456751,2765.6490093819557,1700.5448667354133,569.9169522836632,1594.4401768510022,45243.560165684394,393.6934405331442,19613.951539108773,10685.624320680998
7 Feb 2022,160555.6712647481,33545.14975810395,30786.482323547152,9519.421932655921,2801.369532786749,1695.703036475365,606.6617607623464,1617.4031153439219,47448.17777749794,411.2443130424528,20421.12624470235,11702.931469829948
6 Feb 2022,169026.0883257896,35145.692052954575,33042.9856904404,10015.062343836282,2831.1124604890224,1686.6496857653033,643.9979218124695,1636.9879978912345,49629.10893709298,428.4891811319394,21209.18868418085,12756.813370194588
5 Feb 2022,182243.10140332635,37712.90927363105,36287.20323430813,10789.889765905038,2931.529077155967,1718.4935703211502,700.095459543702,1697.56693021239,53167.86868686399,457.31772421455713,22565.09396064822,14215.133720522166
4 Feb 2022,195482.99218968226,40260.350197153806,39609.75692301844,11563.708714884675,3021.1363675544617,1742.2280759825192,757.0947479697156,1752.0690412030506,56669.714404150356,485.6529138724656,23889.636740358437,15731.644063534359
3 Feb 2022,208742.00265506664,42787.75416662424,43006.448598063726,12336.196637276189,3100.7391865070304,1758.6252712216249,814.9686090279592,1800.935701087766,60134.798581940886,513.506932067165,25183.892718703333,17304.136252546716
2 Feb 2022,222077.87789822664,45307.442270819214,46486.081014857926,13110.683368826612,3171.9600754685166,1768.8820797624273,873.9302246715943,1845.086349841524,63580.90280160201,541.0413538298208,26456.21269810014,18935.655660446864
1 Feb 2022,238329.35902127955,48220.699637061974,49911.68672257768,13938.431260897847,3324.885247097625,1833.9579420368984,898.0530240771575,1947.9963589025433,70070.87741558248,578.2488460647334,27700.771701713267,19903.75086526736
31 Jan 2022,254957.86138514394,51159.82269363579,53409.6019695416,14772.14099980279,3474.9014099215483,1895.817093251648,920.2291586052834,2050.4468083587453,76881.19237662523,616.0130825841665,28918.468506750545,20859.22728606661
30 Jan 2022,271964.25381621154,54124.40437231699,56978.981456364,15611.718300098326,3622.0995690689033,1954.5878399703497,940.583285363228,2152.4515397516498,84012.47804056456,654.3262029330416,30110.163506760375,21802.459703020166
29 Jan 2022,282147.637079278,55692.55843688461,59110.26562112191,16047.47769347052,3672.8225919446354,1960.3570201656255,935.3598995380875,2197.9243960812623,89188.69694249218,675.9281962684049,30498.25017665345,22167.996104657297
28 Jan 2022,292518.31054652494,57270.960037763594,61271.77562887642,16485.598813092132,3722.655003617672,1965.2957055837085,929.8984631218236,2243.254716367048,94523.3323596301,697.7554585306716,30878.22318151334,22529.56117842843
27 Jan 2022,303075.38762099535,58859.43735899959,63463.11927757798,16926.041150997924,3771.6235074365886,1969.4399927296847,924.2311459423438,2288.4461965018695,100015.64520378916,719.8046194186443,31250.334335637097,22887.264831964472
26 Jan 2022,317064.44682517654,61083.273691351096,66363.42540742195,17548.44935345619,3859.270123868249,1993.2337752717528,927.8893833851329,2357.643074796144,106757.97426712971,749.749292798189,31941.88921147936,23481.649244218792
25 Jan 2022,316086.42902655463,58991.79160826741,64426.26643013079,17216.15746103408,3544.304172658306,1926.941461777311,897.0314931145513,2319.8644905999713,111852.05396604413,717.6466228658899,31959.277499470114,22235.093820592065
24 Jan 2022,315367.01032598485,57007.28678929519,62583.36826118852,16898.358626824203,3252.9772451141353,1864.007824964746,868.5415368961304,2283.6793505399733,116881.5159891971,687.3224110901277,31975.96188810899,21063.990402765754
23 Jan 2022,314881.66628314496,55122.57397370872,60828.56571322683,16594.165629843297,2983.442835401977,1804.2083798056808,842.233349813519,2248.9923073907958,121843.97813181882,658.6525130536635,31991.98427150476,19962.869177576933
22 Jan 2022,322812.4942664296,54721.808182648,60698.846907994426,16727.89732793102,2805.31667865077,1792.9035099205694,839.267370424532,2273.4958782969034,130042.61040337011,647.991893176908,32842.05981451667,19420.29629949972
21 Jan 2022,330610.5324497192,54266.691302492225,60504.50233440404,16842.763653454313,2631.179369443821,1779.7889978199798,836.1785409777697,2295.4367126238567,138288.53320906367,636.810422010496,33659.693198637375,18868.954708791676
20 Jan 2022,338289.419054632,53765.920647246254,60254.33054254417,16940.693983026016,2461.7631695011783,1765.144991797346,833.0689879973329,2315.0573127774505,146568.64694155054,625.2257953769347,34446.70682565094,18312.859857163887
19 Jan 2022,345860.4956998402,53227.05331194743,59956.042228893784,17023.407867041762,2297.634412829405,1749.2153233387294,830.0220358783928,2332.574855837698,154871.0408297572,613.3387138066704,35204.789111024504,17755.377009484622
18 Jan 2022,315865.98974735703,47335.000135511546,52755.48440683241,16222.043544057158,1963.114241441281,1488.107130449105,727.4474948066916,2118.6531955082346,141915.17536964495,517.4952701445985,35561.90093483519,15261.568024125878
17 Jan 2022,290975.8134313144,42453.052847138446,46818.060311890426,15540.885757286009,1691.0630460095012,1276.1992721905024,647.8556808079418,1939.7684613510296,131041.88746262771,440.0221521317453,35899.38512195991,13227.633317921182
16 Jan 2022,270064.8774418077,38357.24022755655,41860.5769409568,14955.402688820783,1467.080367188403,1102.1073192745525,585.5970279707569,1788.3338582767074,121804.95565235993,376.6389235837222,36218.8165587419,11548.12787707761
15 Jan 2022,256704.34200400766,35491.2497440161,38332.41522053949,14699.085056435335,1303.005779822237,974.2403155851291,545.9625253414667,1687.6674806789715,115859.46157704,329.8877120247584,37158.306535650336,10323.060056873837
14 Jan 2022,245071.7427951972,32983.41818422572,35258.255585674684,14474.426295667694,1161.9746359449834,864.5731787257319,514.6965586749285,1598.9561801704192,110608.4739694123,289.9648987137623,38050.09295150704,9266.910356479964
13 Jan 2022,234872.1838580836,30773.363139928584,32560.66015059936,14276.155346738627,1039.9291252590945,769.886486890244,490.15943350343764,1520.2279343670712,105938.3085880995,255.65226702976327,38897.71914342907,8350.122242238827
12 Jan 2022,225874.7264411102,28813.299705230114,30178.43460723399,14100.087943505596,933.6747603450971,687.6471011945739,471.07512178105844,1449.9177795501575,101758.65325962134,228.13999999999993,39704.38600342624,7549.410159222013
11 Jan 2022,207933.82436778105,24475.941951224017,26513.52337174104,12198.970388110818,1004.2093384307834,614.1600000000001,390.2599953863261,1248.5577216807524,95216.72573180129,220.18142857142857,39780.40076489695,6270.893675937654
10 Jan 2022,193155.66269683,20964.454765731887,23496.205522171444,10645.653856067791,1068.2816331881659,591.61,329.5605429179675,1084.419976033399,89665.22105049377,212.22285714285712,39850.52608911846,5247.506403964266
9 Jan 2022,180806.93884191796,18086.938777086336,20981.283408843345,9360.812853449705,1126.6715680285317,569.0600000000001,293.8259538347106,948.9729620303171,84900.9475438942,204.2642857142857,39915.42089895354,4418.740590082979
8 Jan 2022,160793.2548937438,14809.718609509493,17788.461555665635,7814.741235686438,1112.8805495086506,546.51,265.4018136094308,857.7742857142856,76173.70909528047,196.30571428571426,37699.96794601653,3527.784088467166
7 Jan 2022,144061.84919913442,12206.290536689796,15187.174296131618,6569.547424784856,1094.1416307143222,523.96,240.978658270985,887.7528571428571,68693.39294866202,188.34714285714284,35638.29151201741,2831.972191863411
6 Jan 2022,129839.90731777511,10119.32431103968,13047.554412140904,5557.214755718364,1071.6372050701352,501.41,219.70779627588823,917.7314285714285,62225.98404418107,180.38857142857145,33714.917972666284,2284.036820682778
5 Jan 2022,117634.9993896963,8432.74161541355,11272.471716385307,4727.199098217904,1046.2999359336509,478.86000000000007,200.94969637495967,947.71,56590.5684446703,172.43000000000004,31916.38235678766,1849.3865259129623
4 Jan 2022,110030.02852385661,7574.779176426756,10470.992462675218,4206.408009766179,962.0096330669311,453.0028571428572,181.49324921750986,896.8942857142857,53152.821534639785,161.98142857142858,30270.202478273808,1699.4434083618507
3 Jan 2022,102881.28275602471,6775.860933989608,9717.245485226606,3723.2164524945856,882.9240703983265,427.14571428571435,162.69298894623887,846.0785714285714,49915.34923897369,151.53285714285718,28720.456362517103,1558.7800806214186
2 Jan 2022,96151.44869948766,6031.788892711254,9007.245850584388,3275.0894512930477,808.6259669776942,401.2885714285715,144.5021292184228,795.2628571428571,46860.99479918649,141.08428571428573,27258.911459603947,1426.6544356267175
1 Jan 2022,87361.29625905401,5191.345896649766,8106.977777983575,2780.799601533009,718.3255361952699,375.4314285714286,125.22437809688175,744.4471428571429,42758.84466342707,130.6357142857143,25162.85547742807,1266.4086420260821
31 Dec 2021,79140.28290250574,4428.2214286281605,7268.204329560338,2335.414506946853,634.8353015101743,349.5742857142858,106.80615208194443,693.6314285714286,38905.42806361833,120.18714285714289,23179.66922957623,1118.311033440859
30 Dec 2021,71449.94316285414,3738.037699866228,6487.010539523663,1936.1904817607253,557.7451434390437,323.7171428571429,89.19875119530789,642.8157142857143,35283.382398592876,109.73857142857143,21300.474924351685,981.6317955531881
29 Dec 2021,64256.183059222676,3116.9315210286973,5759.965328523654,1580.6909692559082,486.69634798844294,297.86000000000007,72.35921350116296,592,31877.355076102675,99.28999999999999,19517.302029168048,855.7325736540852
28 Dec 2021,57876.59024235752,2794.371939900918,5175.343306711722,1424.2515493308638,431.52242217255986,262.1857142857143,63.287694138237114,586.7957142857142,28461.237253837746,88.84,17854.13451843506,734.6201292589875
27 Dec 2021,51803.07787407477,2487.2192400218523,4618.401160714246,1275.1434152783324,382.9614285714286,226.51142857142855,54.418808682611754,581.5914285714287,25211.20666559561,78.39,16266.411480590818,620.8228174770205
26 Dec 2021,46030.56593487429,2199.3228571428567,4087.554904418847,1132.9309787476132,347.79714285714283,190.83714285714288,45.74368576029343,576.3871428571429,22118.68143012302,67.94000000000001,14749.113305899678,514.2573442105588
25 Dec 2021,40257.33883199106,1990.5271428571427,3549.452153422801,988.3261797008869,312.6328571428571,155.16285714285712,37.075124995987174,571.1828571428572,19005.33449544089,57.49000000000001,13178.885089898658,411.27007424612094
24 Dec 2021,34761.645615938214,1781.7314285714285,3038.421186703042,850.7829406068902,277.4685714285714,119.48857142857142,28.619434108536574,565.9785714285715,16059.867011180992,47.040000000000006,11675.347611897847,316.90028858376206
23 Dec 2021,29538.32621729811,1572.9357142857145,2553.9288338528513,720.1146823422155,242.30428571428567,83.81428571428572,20.379250292379595,560.7742857142858,13281.43866587809,36.589999999999996,10234.340487949217,231.70572555478495
22 Dec 2021,24587.97126107242,1364.14,2095.9482562749354,596.2527163384829,207.13999999999993,48.13999999999999,12.930131958848285,555.57,10673.065382410188,26.139999999999993,8852.042335709166,156.6024383807981
21 Dec 2021,21265.336286311325,1227.4057142857143,1797.3357536021504,513.4574701669954,197.0185714285714,43.24285714285714,12.48962059154768,509.6114285714287,9278.645932851614,23.935714285714287,7524.6854443875045,137.5077789972296
20 Dec 2021,18033.091623904802,1090.6714285714288,1508.1737677334916,432.9708617206438,186.89714285714282,38.34571428571428,11.955272409410219,463.6528571428572,7910.734051873769,21.731428571428573,6249.373805196649,118.58529354226616
19 Dec 2021,14875.964259931132,953.937142857143,1227.2293547307306,354.36917800175576,176.77571428571426,33.44857142857143,11.522931448618108,417.6942857142858,6558.723549643113,19.527142857142856,5023.1052577286455,99.63113123540867
18 Dec 2021,13587.77490490545,817.2028571428573,1119.6867343057786,325.58090009438376,166.6542857142857,28.551428571428573,12.443008366577926,371.7357142857144,6119.137788693008,17.322857142857142,4515.048276387561,94.41105420099876
17 Dec 2021,12356.758896228814,680.4685714285715,1016.9986144305525,298.2604845066213,156.53285714285715,23.654285714285713,13.656573314521953,325.7771428571429,5710.731242695444,15.118571428571428,4025.8055028676354,89.75504984260941
16 Dec 2021,11187.480524325127,543.7342857142858,919.2816368778658,272.5059732770518,146.41142857142856,18.75714285714286,15.342188975010197,279.8185714285715,5338.560795954799,12.914285714285715,3554.350853158327,85.8033617963587
15 Dec 2021,10096.112007292048,407,826.9048887334486,248.53191749823975,142.83707297640112,13.86,17.74797849646597,233.86000000000007,5012.118982376204,10.709999999999999,3099.731524757794,82.80964245349399
14 Dec 2021,8657.645449844766,390.8985714285714,713.9463285366712,234.37537309260182,134.97279159933706,12.165714285714285,16.268199200238204,208.6757142857143,4192.536665597519,9.709999999999999,2665.059327627465,79.03676419093227
13 Dec 2021,7286.075260444704,374.79714285714283,603.9704718903166,217.48717975847399,130.4928571428571,10.471428571428572,14.669683978119096,183.49142857142857,3423.6276023001865,8.71,2244.1327484901317,74.22471688461933
12 Dec 2021,6759.312310777417,358.69571428571425,569.3987156484036,225.96521192990005,130.65602877180504,8.777142857142858,14.681807492587305,158.30714285714288,3102.1790256556883,7.71,2104.8985714285714,78.04294985046077
11 Dec 2021,6245.108414272852,342.5942857142857,534.8767121536458,235.14416227472412,136.23861180277476,7.082857142857143,14.731396243352465,133.12285714285716,2786.3228735656858,6.710000000000001,1966.1014285714289,82.18322966124013
10 Dec 2021,5738.055024177208,326.49285714285713,500.2742480089327,245.04179193986644,142.26078295834196,5.388571428571429,14.801796702840859,107.93857142857144,2476.180661785435,5.71,1827.304285714286,86.66145706750552
9 Dec 2021,5239.228309631618,310.39142857142855,465.57541274956225,255.7177177610287,148.7598636449561,3.6942857142857144,14.894004854194357,82.75428571428571,2172.715213699563,4.71,1688.5071428571428,91.50895406517029
8 Dec 2021,4749.952176412208,294.29,430.75981034412416,267.22512508464894,155.7697239020207,2,15.047909622832256,57.57,1877.1137358549265,3.7100000000000004,1549.7100000000003,96.75587160365593
7 Dec 2021,4647.635928059662,297.4114285714286,444.7462611427528,264.54019227978614,146.2344070020414,2.0414285714285714,16.513648296291525,53.67285714285714,1833.9467021669032,3.5885714285714294,1483.9142857142858,101.02614574331525
6 Dec 2021,4545.51923993679,300.53285714285715,459.1716500589395,261.7815669844201,136.80549023464013,2.0828571428571427,18.107615841970294,49.77571428571429,1790.2159327051206,3.4671428571428575,1418.1185714285716,105.45984125455533
5 Dec 2021,4443.517175661598,303.6542857142857,474.0248167961706,258.9351391118263,127.49246733643602,2.1242857142857146,19.834873513148562,45.878571428571426,1745.8472312664603,3.345714285714286,1352.3228571428572,110.05693335184284
4 Dec 2021,4341.517590525391,306.7757142857143,489.284928609547,255.98385707914662,118.30597177357124,2.165714285714286,21.70003376568478,41.98142857142857,1700.7535377637391,3.224285714285714,1286.527142857143,114.81497581941653
3 Dec 2021,4239.373303917413,309.8971428571428,504.91819425009004,252.90701188384276,109.25794765018476,2.207142857142857,23.706960240371373,38.08428571428571,1654.8321276128331,3.1028571428571428,1220.7314285714288,119.72820513723342
2 Dec 2021,4136.89182264366,313.01857142857136,520.8734750132236,249.6793165317391,100.36185078059002,2.248571428571428,25.858348497452297,34.18714285714285,1607.9610685323603,2.9814285714285718,1154.9357142857145,124.78633471686629