"Date de déclaration","0-9 ans","10-19 ans","20-29 ans","30-39 ans","40-49 ans","50-59 ans","60-69 ans","70-79 ans","80-89 ans","90 ans et plus","Annotations 1"
"2020-02-24 00:00:00",0,0,0,0,0,0,0,0,0,0
"2020-02-25 00:00:00",0,0,0,0,1,0,0,0,0,0
"2020-02-26 00:00:00",0,0,0,0,0,0,0,0,0,0
"2020-02-27 00:00:00",0,0,0,0,0,0,0,0,0,0
"2020-02-28 00:00:00",0,0,0,0,0,0,1,0,0,0
"2020-02-29 00:00:00",0,0,0,0,0,0,0,0,0,0
"2020-03-01 00:00:00",0,0,0,0,0,0,0,0,0,0
"2020-03-02 00:00:00",0,0,0,0,0,2,0,0,1,0
"2020-03-03 00:00:00",0,0,0,0,1,0,0,1,0,0
"2020-03-04 00:00:00",0,0,0,0,0,0,1,1,0,0
"2020-03-05 00:00:00",0,0,0,0,0,1,0,0,0,0
"2020-03-06 00:00:00",0,0,0,0,0,0,2,0,0,0
"2020-03-07 00:00:00",0,0,0,0,0,0,0,0,0,0
"2020-03-08 00:00:00",0,0,0,0,0,0,0,1,0,0
"2020-03-09 00:00:00",0,0,0,1,0,0,0,0,0,0
"2020-03-10 00:00:00",0,0,0,0,0,2,0,0,0,0
"2020-03-11 00:00:00",0,1,2,0,3,4,0,0,0,0
"2020-03-12 00:00:00",0,0,1,2,0,2,1,0,0,0
"2020-03-13 00:00:00",1,1,0,1,1,0,0,0,0,0
"2020-03-14 00:00:00",2,1,1,4,4,4,2,1,0,0
"2020-03-15 00:00:00",0,0,5,1,3,2,0,1,1,0
"2020-03-16 00:00:00",0,0,1,3,1,6,3,0,3,0
"2020-03-17 00:00:00",4,4,5,4,9,8,5,3,2,0
"2020-03-18 00:00:00",3,3,3,4,9,6,5,5,3,0
"2020-03-19 00:00:00",3,1,6,8,14,14,14,11,4,0
"2020-03-20 00:00:00",6,12,8,15,24,31,20,8,1,1
"2020-03-21 00:00:00",2,5,19,26,34,51,35,10,4,0
"2020-03-22 00:00:00",5,11,22,34,44,44,42,25,12,0
"2020-03-23 00:00:00",18,17,50,57,68,49,50,27,7,1
"2020-03-24 00:00:00",7,13,39,37,43,43,48,23,10,4
"2020-03-25 00:00:00",8,18,54,56,44,80,49,35,19,4
"2020-03-26 00:00:00",8,21,52,60,62,60,48,31,16,9
"2020-03-27 00:00:00",9,12,86,75,85,73,54,28,19,10
"2020-03-28 00:00:00",10,14,72,77,75,64,48,30,18,10
"2020-03-29 00:00:00",6,24,88,84,104,104,77,41,25,16
"2020-03-30 00:00:00",18,37,100,101,96,87,66,36,21,17
"2020-03-31 00:00:00",13,36,118,104,135,119,59,53,61,31
"2020-04-01 00:00:00",13,31,113,87,129,104,88,51,54,32
"2020-04-02 00:00:00",24,45,132,129,127,142,90,79,74,36
"2020-04-03 00:00:00",28,41,88,125,156,129,79,42,50,36
"2020-04-04 00:00:00",28,31,99,110,130,108,90,59,88,59
"2020-04-05 00:00:00",18,23,73,71,112,74,65,57,101,40
"2020-04-06 00:00:00",17,32,106,111,138,137,75,79,104,80
"2020-04-07 00:00:00",13,20,97,106,127,114,81,69,92,73
"2020-04-08 00:00:00",19,22,81,110,110,122,61,56,63,47
"2020-04-09 00:00:00",11,20,87,95,140,121,66,48,98,62
"2020-04-10 00:00:00",13,23,70,70,105,101,55,53,98,49
"2020-04-11 00:00:00",15,15,60,56,107,71,47,66,139,91
"2020-04-12 00:00:00",16,27,72,102,116,119,56,57,135,91
"2020-04-13 00:00:00",15,15,99,123,166,126,69,74,148,130
"2020-04-14 00:00:00",22,30,71,127,153,156,74,72,141,112
"2020-04-15 00:00:00",33,48,119,138,185,171,90,82,134,99
"2020-04-16 00:00:00",17,29,89,102,140,149,90,90,138,120
"2020-04-17 00:00:00",17,29,110,103,131,142,78,87,175,154
"2020-04-18 00:00:00",14,31,78,67,77,100,63,62,98,77
"2020-04-19 00:00:00",17,25,87,84,109,102,58,99,133,110
"2020-04-20 00:00:00",22,44,114,104,132,122,78,70,127,98
"2020-04-21 00:00:00",15,33,81,92,123,129,61,75,128,74
"2020-04-22 00:00:00",27,31,102,88,123,109,82,67,145,119
"2020-04-23 00:00:00",27,39,84,88,117,123,80,105,137,113
"2020-04-24 00:00:00",23,38,99,107,118,113,84,71,104,102
"2020-04-25 00:00:00",17,30,95,96,104,94,57,64,121,84
"2020-04-26 00:00:00",17,24,94,68,89,85,57,35,88,62
"2020-04-27 00:00:00",26,35,99,126,124,129,72,70,136,93
"2020-04-28 00:00:00",19,37,109,109,138,136,69,81,121,105
"2020-04-29 00:00:00",26,29,94,99,118,112,76,93,169,87
"2020-04-30 00:00:00",25,31,118,108,152,125,83,87,147,129
"2020-05-01 00:00:00",19,43,109,110,132,148,99,112,167,125
"2020-05-02 00:00:00",16,25,94,106,126,139,85,71,139,96
"2020-05-03 00:00:00",25,27,99,119,149,111,63,35,108,56
"2020-05-04 00:00:00",21,29,113,119,136,149,71,60,92,78
"2020-05-05 00:00:00",32,29,95,131,132,132,71,76,123,75
"2020-05-06 00:00:00",24,28,108,119,166,162,93,76,164,95
"2020-05-07 00:00:00",23,23,90,124,111,145,72,80,97,89
"2020-05-08 00:00:00",21,37,122,118,107,120,63,55,89,49
"2020-05-09 00:00:00",25,36,82,106,118,123,60,56,96,53
"2020-05-10 00:00:00",22,31,97,79,93,96,61,40,70,65
"2020-05-11 00:00:00",31,37,95,100,110,109,52,59,82,51
"2020-05-12 00:00:00",27,45,101,102,110,116,61,72,93,73
"2020-05-13 00:00:00",22,38,112,109,100,121,67,61,91,61
"2020-05-14 00:00:00",21,36,90,79,91,91,55,71,97,70
"2020-05-15 00:00:00",24,53,91,92,116,108,64,54,106,76
"2020-05-16 00:00:00",30,35,109,104,86,105,65,41,69,53
"2020-05-17 00:00:00",28,56,97,101,115,107,65,44,72,40
"2020-05-18 00:00:00",26,43,77,91,106,92,62,46,72,51
"2020-05-19 00:00:00",28,40,88,96,87,97,49,36,55,57
"2020-05-20 00:00:00",31,40,102,110,121,131,84,56,81,51
"2020-05-21 00:00:00",20,40,100,72,113,104,64,41,96,65
"2020-05-22 00:00:00",18,32,97,86,89,90,46,35,68,41
"2020-05-23 00:00:00",19,45,80,76,70,70,34,39,38,31
"2020-05-24 00:00:00",30,41,100,58,80,71,43,23,57,41
"2020-05-25 00:00:00",28,23,81,53,104,70,53,39,37,23
"2020-05-26 00:00:00",16,27,67,55,72,74,40,29,40,31
"2020-05-27 00:00:00",28,39,69,64,66,77,52,38,53,34
"2020-05-28 00:00:00",18,24,64,44,61,61,30,36,39,37
"2020-05-29 00:00:00",15,24,58,63,67,62,33,24,53,25
"2020-05-30 00:00:00",13,32,48,47,71,32,43,29,46,36
"2020-05-31 00:00:00",21,21,47,46,43,44,24,14,21,11
"2020-06-01 00:00:00",23,23,51,59,46,37,30,13,30,17
"2020-06-02 00:00:00",9,12,33,49,32,38,13,16,16,8
"2020-06-03 00:00:00",18,10,41,35,24,45,21,18,31,33
"2020-06-04 00:00:00",12,25,38,40,37,32,22,15,25,13
"2020-06-05 00:00:00",19,23,39,34,34,34,18,13,16,13
"2020-06-06 00:00:00",8,18,52,36,37,31,22,12,22,9
"2020-06-07 00:00:00",18,14,31,19,30,26,18,10,13,8
"2020-06-08 00:00:00",6,14,16,14,15,21,7,6,7,12
"2020-06-09 00:00:00",10,11,29,22,23,20,13,17,12,10
"2020-06-10 00:00:00",11,14,28,21,29,17,12,15,11,13
"2020-06-11 00:00:00",3,16,20,20,27,11,15,14,15,9
"2020-06-12 00:00:00",9,10,32,19,23,24,14,19,16,11
"2020-06-13 00:00:00",7,12,19,18,22,16,9,7,9,4
"2020-06-14 00:00:00",5,11,17,8,16,11,5,9,9,3
"2020-06-15 00:00:00",5,10,26,10,21,13,8,5,10,4
"2020-06-16 00:00:00",2,14,27,19,14,18,14,8,10,6
"2020-06-17 00:00:00",9,5,31,15,18,12,8,6,10,6
"2020-06-18 00:00:00",6,7,30,16,20,19,11,9,12,6
"2020-06-19 00:00:00",7,7,31,26,15,15,9,5,9,9
"2020-06-20 00:00:00",10,4,19,11,14,12,8,10,5,3
"2020-06-21 00:00:00",5,7,23,11,6,15,9,1,2,0
"2020-06-22 00:00:00",2,4,13,13,13,9,9,8,8,5
"2020-06-23 00:00:00",8,7,31,8,14,6,8,7,4,2
"2020-06-24 00:00:00",4,8,14,13,14,12,8,6,8,1
"2020-06-25 00:00:00",7,5,19,9,15,8,4,12,9,3
"2020-06-26 00:00:00",5,5,20,9,12,13,7,3,4,7
"2020-06-27 00:00:00",6,10,16,15,10,9,9,4,6,3
"2020-06-28 00:00:00",6,7,4,12,7,7,5,6,3,1
"2020-06-29 00:00:00",4,6,12,9,11,6,5,1,5,2
"2020-06-30 00:00:00",10,13,12,18,17,11,2,9,6,1
"2020-07-01 00:00:00",6,10,15,10,9,9,5,5,3,0
"2020-07-02 00:00:00",7,8,9,10,8,7,9,5,2,5
"2020-07-03 00:00:00",11,15,13,11,9,9,6,5,6,6
"2020-07-04 00:00:00",3,23,16,12,10,7,6,9,3,3
"2020-07-05 00:00:00",6,17,11,4,5,5,3,4,3,0
"2020-07-06 00:00:00",1,19,18,6,6,8,4,2,4,0
"2020-07-07 00:00:00",5,20,25,16,6,10,8,8,6,3
"2020-07-08 00:00:00",3,25,20,15,12,10,8,4,2,0
"2020-07-09 00:00:00",4,23,43,15,14,12,7,6,2,2
"2020-07-10 00:00:00",4,17,39,12,19,5,7,1,7,2
"2020-07-11 00:00:00",8,22,32,12,9,8,1,5,2,3
"2020-07-12 00:00:00",4,15,11,7,7,14,2,3,7,5
"2020-07-13 00:00:00",14,18,43,27,13,7,8,5,3,0
"2020-07-14 00:00:00",8,15,48,28,10,5,8,5,2,2
"2020-07-15 00:00:00",8,12,49,27,23,17,6,1,3,1
"2020-07-16 00:00:00",5,11,61,25,15,8,6,2,4,2
"2020-07-17 00:00:00",7,14,80,40,17,19,7,7,5,1
"2020-07-18 00:00:00",7,25,69,36,31,11,8,2,1,0
"2020-07-19 00:00:00",5,18,32,23,15,18,7,4,4,2
"2020-07-20 00:00:00",9,11,41,22,25,8,6,7,1,0
"2020-07-21 00:00:00",14,12,56,21,23,18,3,3,2,1
"2020-07-22 00:00:00",12,15,75,24,21,15,5,1,3,2
"2020-07-23 00:00:00",17,22,79,27,22,12,9,3,4,1
"2020-07-24 00:00:00",14,16,49,28,18,22,5,3,5,0
"2020-07-25 00:00:00",9,13,47,21,29,26,8,6,2,0
"2020-07-26 00:00:00",6,19,32,26,22,22,11,6,2,1
"2020-07-27 00:00:00",6,16,15,13,16,11,6,3,7,0
"2020-07-28 00:00:00",10,9,30,34,15,15,2,5,9,0
"2020-07-29 00:00:00",15,20,46,30,16,21,15,7,4,6
"2020-07-30 00:00:00",5,13,60,24,20,15,5,5,3,3
"2020-07-31 00:00:00",7,19,47,16,17,15,5,3,2,1
"2020-08-01 00:00:00",5,14,31,28,18,15,11,5,2,2
"2020-08-02 00:00:00",6,12,29,11,14,11,4,3,2,0
"2020-08-03 00:00:00",9,17,50,29,15,11,8,4,1,1
"2020-08-04 00:00:00",9,17,43,20,13,21,16,4,3,3
"2020-08-05 00:00:00",6,16,29,18,20,18,7,4,4,1
"2020-08-06 00:00:00",3,11,23,8,15,14,7,6,6,1
"2020-08-07 00:00:00",6,18,33,25,15,15,6,7,2,1
"2020-08-08 00:00:00",8,13,31,16,19,9,8,5,5,2
"2020-08-09 00:00:00",5,12,19,15,9,15,9,6,6,2
"2020-08-10 00:00:00",4,13,16,18,19,7,10,8,4,1
"2020-08-11 00:00:00",4,12,19,17,10,12,7,6,5,8
"2020-08-12 00:00:00",3,8,27,11,9,11,9,5,4,2
"2020-08-13 00:00:00",5,8,27,11,17,12,3,6,6,2
"2020-08-14 00:00:00",2,7,21,6,13,11,5,7,3,1
"2020-08-15 00:00:00",6,7,15,9,11,10,2,3,2,1
"2020-08-16 00:00:00",0,3,14,4,9,6,2,0,5,2
"2020-08-17 00:00:00",2,8,13,6,6,3,5,0,6,0
"2020-08-18 00:00:00",8,8,17,10,9,9,4,6,7,1
"2020-08-19 00:00:00",3,8,17,10,15,6,6,6,2,1
"2020-08-20 00:00:00",1,18,30,11,17,12,6,6,2,0
"2020-08-21 00:00:00",1,13,37,15,17,12,4,5,3,1
"2020-08-22 00:00:00",4,15,25,10,9,3,2,2,0,1
"2020-08-23 00:00:00",5,9,24,13,4,8,7,7,1,0
"2020-08-24 00:00:00",0,8,10,8,8,2,5,2,2,0
"2020-08-25 00:00:00",8,6,23,16,15,13,5,10,1,1
"2020-08-26 00:00:00",10,12,34,20,15,13,10,4,7,2
"2020-08-27 00:00:00",7,12,29,21,22,13,8,5,2,1
"2020-08-28 00:00:00",8,8,31,13,19,9,7,7,2,4
"2020-08-29 00:00:00",11,15,38,30,13,13,7,7,4,3
"2020-08-30 00:00:00",8,16,28,19,10,19,9,7,2,0
"2020-08-31 00:00:00",11,16,28,14,14,22,9,6,7,2
"2020-09-01 00:00:00",6,15,34,20,30,21,11,12,2,1
"2020-09-02 00:00:00",10,20,33,32,30,23,12,15,6,5
"2020-09-03 00:00:00",20,35,53,35,30,22,15,7,5,4
"2020-09-04 00:00:00",17,23,43,32,13,19,16,13,6,3
"2020-09-05 00:00:00",13,17,43,33,27,21,19,13,8,2
"2020-09-06 00:00:00",16,17,48,25,27,17,5,10,18,12
"2020-09-07 00:00:00",11,22,46,30,28,29,6,10,6,3
"2020-09-08 00:00:00",7,24,55,28,31,9,15,12,9,4
"2020-09-09 00:00:00",16,40,59,46,25,25,22,7,11,1
"2020-09-10 00:00:00",18,36,70,25,43,29,14,7,10,6
"2020-09-11 00:00:00",11,71,65,45,49,32,20,10,5,2
"2020-09-12 00:00:00",15,56,77,47,36,31,11,15,6,1
"2020-09-13 00:00:00",14,55,90,40,35,31,21,13,11,8
"2020-09-14 00:00:00",24,49,62,39,32,18,25,10,10,7
"2020-09-15 00:00:00",17,60,73,45,43,27,28,14,11,4
"2020-09-16 00:00:00",20,58,92,33,35,24,19,11,10,4
"2020-09-17 00:00:00",20,52,89,56,38,44,19,10,12,11
"2020-09-18 00:00:00",26,64,141,73,65,50,28,15,21,3
"2020-09-19 00:00:00",34,74,137,59,64,48,28,24,18,11
"2020-09-20 00:00:00",27,85,111,77,67,63,28,20,19,11
"2020-09-21 00:00:00",36,107,112,66,52,47,26,19,8,8
"2020-09-22 00:00:00",21,95,127,72,79,52,32,24,13,10
"2020-09-23 00:00:00",38,126,163,95,91,80,42,28,16,7
"2020-09-24 00:00:00",33,119,188,112,93,83,43,22,22,11
"2020-09-25 00:00:00",38,109,172,131,100,76,55,27,22,18
"2020-09-26 00:00:00",36,138,188,148,136,109,56,55,24,13
"2020-09-27 00:00:00",59,117,170,133,125,103,57,35,33,20
"2020-09-28 00:00:00",38,144,188,134,140,121,63,43,25,14
"2020-09-29 00:00:00",34,153,221,145,130,115,62,44,35,19
"2020-09-30 00:00:00",41,164,209,137,134,134,82,49,47,21
"2020-10-01 00:00:00",35,128,194,146,157,107,84,43,40,16
"2020-10-02 00:00:00",53,183,229,190,165,142,85,61,42,21
"2020-10-03 00:00:00",52,168,231,180,168,157,108,44,34,20
"2020-10-04 00:00:00",54,174,215,174,137,126,91,43,32,10
"2020-10-05 00:00:00",56,124,174,127,114,107,76,38,16,13
"2020-10-06 00:00:00",50,162,200,150,144,113,86,48,24,20
"2020-10-07 00:00:00",40,154,177,146,142,125,75,58,41,13
"2020-10-08 00:00:00",38,141,226,159,161,141,114,49,40,26
"2020-10-09 00:00:00",45,183,194,157,179,125,110,56,47,36
"2020-10-10 00:00:00",44,126,152,129,130,109,74,65,50,25
"2020-10-11 00:00:00",48,196,170,148,173,128,92,49,58,21
"2020-10-12 00:00:00",53,105,122,119,116,133,72,37,25,8
"2020-10-13 00:00:00",41,152,140,124,165,129,72,49,56,27
"2020-10-14 00:00:00",67,185,169,159,145,145,91,52,60,26
"2020-10-15 00:00:00",55,170,154,166,199,154,95,58,73,22
"2020-10-16 00:00:00",74,175,177,155,170,146,87,78,50,26
"2020-10-17 00:00:00",65,160,160,137,168,140,105,52,39,31
"2020-10-18 00:00:00",94,157,147,129,142,138,72,44,32,20
"2020-10-19 00:00:00",57,126,145,99,131,99,73,34,53,33
"2020-10-20 00:00:00",67,142,173,125,172,148,85,65,36,23
"2020-10-21 00:00:00",62,146,153,132,159,137,76,50,38,28
"2020-10-22 00:00:00",73,149,134,137,141,124,91,37,29,22
"2020-10-23 00:00:00",87,139,139,147,154,145,98,54,56,23
"2020-10-24 00:00:00",72,107,123,125,126,100,69,43,41,28
"2020-10-25 00:00:00",67,138,123,118,120,109,74,39,31,9
"2020-10-26 00:00:00",65,150,155,138,151,144,62,44,48,31
"2020-10-27 00:00:00",86,148,110,127,128,130,89,78,52,28
"2020-10-28 00:00:00",74,167,123,122,158,127,80,52,55,27
"2020-10-29 00:00:00",83,146,134,150,163,140,86,65,62,34
"2020-10-30 00:00:00",64,168,130,138,136,141,64,37,46,28
"2020-10-31 00:00:00",81,149,138,114,141,133,67,61,68,35
"2020-11-01 00:00:00",101,135,137,144,164,132,80,60,43,28
"2020-11-02 00:00:00",91,118,114,143,147,102,72,52,33,26
"2020-11-03 00:00:00",111,113,142,152,146,137,83,64,63,49
"2020-11-04 00:00:00",103,156,153,147,179,148,105,63,63,44
"2020-11-05 00:00:00",123,182,167,207,183,148,97,56,71,36
"2020-11-06 00:00:00",108,170,173,171,202,130,93,67,52,31
"2020-11-07 00:00:00",111,167,176,171,202,163,81,67,58,36
"2020-11-08 00:00:00",108,204,170,164,185,143,128,80,88,39
"2020-11-09 00:00:00",109,176,171,163,181,147,101,58,58,42
"2020-11-10 00:00:00",113,196,199,164,201,156,114,56,76,27
"2020-11-11 00:00:00",110,203,180,198,212,186,113,70,76,39
"2020-11-12 00:00:00",132,213,182,173,178,167,100,64,72,49
"2020-11-13 00:00:00",107,209,203,208,195,170,116,71,58,39
"2020-11-14 00:00:00",81,205,171,144,201,159,104,59,75,34
"2020-11-15 00:00:00",93,160,146,147,152,159,109,62,62,24
"2020-11-16 00:00:00",86,158,131,141,142,138,87,57,54,25
"2020-11-17 00:00:00",89,150,135,160,156,131,116,73,76,39
"2020-11-18 00:00:00",94,167,163,176,173,157,99,65,65,43
"2020-11-19 00:00:00",127,171,190,180,177,167,117,82,67,32
"2020-11-20 00:00:00",102,165,152,148,141,144,90,70,79,57
"2020-11-21 00:00:00",76,174,170,136,150,147,93,59,70,53
"2020-11-22 00:00:00",93,153,161,166,156,141,91,74,112,65
"2020-11-23 00:00:00",98,141,150,127,148,144,66,68,78,49
"2020-11-24 00:00:00",99,160,168,165,163,151,109,67,80,62
"2020-11-25 00:00:00",117,181,188,161,224,163,107,80,105,65
"2020-11-26 00:00:00",86,170,181,190,214,171,98,68,95,62
"2020-11-27 00:00:00",104,167,193,180,193,167,112,59,73,37
"2020-11-28 00:00:00",138,173,226,218,212,194,108,54,71,36
"2020-11-29 00:00:00",120,162,199,182,180,174,124,70,97,72
"2020-11-30 00:00:00",98,151,212,170,204,175,96,63,63,31
"2020-12-01 00:00:00",144,180,207,207,218,214,126,73,94,60
"2020-12-02 00:00:00",136,195,221,219,236,194,113,81,88,66
"2020-12-03 00:00:00",145,181,222,242,224,180,119,55,92,37
"2020-12-04 00:00:00",163,221,251,253,254,216,145,86,113,63
"2020-12-05 00:00:00",133,229,246,217,250,202,129,91,89,55
"2020-12-06 00:00:00",122,221,259,230,224,178,113,80,59,52
"2020-12-07 00:00:00",147,222,234,217,265,198,111,86,91,50
"2020-12-08 00:00:00",137,220,231,233,245,232,123,64,104,71
"2020-12-09 00:00:00",151,219,249,261,269,216,123,98,102,61
"2020-12-10 00:00:00",141,241,259,262,300,218,124,85,77,51
"2020-12-11 00:00:00",174,253,291,278,302,238,132,84,112,52
"2020-12-12 00:00:00",157,277,266,288,329,273,145,93,104,75
"2020-12-13 00:00:00",156,245,260,246,235,248,128,87,98,59
"2020-12-14 00:00:00",188,246,271,259,273,280,135,99,88,54
"2020-12-15 00:00:00",139,221,264,265,278,226,163,90,84,57
"2020-12-16 00:00:00",180,306,313,292,330,254,152,116,108,71
"2020-12-17 00:00:00",177,286,344,335,352,280,191,116,146,88
"2020-12-18 00:00:00",157,276,328,323,331,262,165,94,115,75
"2020-12-19 00:00:00",163,239,277,305,309,245,171,124,156,75
"2020-12-20 00:00:00",187,271,291,280,325,246,151,76,86,57
"2020-12-21 00:00:00",187,264,324,290,345,285,172,83,103,61
"2020-12-22 00:00:00",170,261,341,305,349,291,178,99,98,64
"2020-12-23 00:00:00",164,277,360,317,364,287,182,131,93,57
"2020-12-24 00:00:00",175,264,372,349,371,325,208,131,124,78
"2020-12-25 00:00:00",179,250,344,351,373,331,217,106,114,44
"2020-12-26 00:00:00",183,239,319,287,328,265,164,113,137,61
"2020-12-27 00:00:00",173,252,309,317,366,291,178,123,115,35
"2020-12-28 00:00:00",165,243,415,349,334,332,213,117,80,61
"2020-12-29 00:00:00",174,325,464,455,487,363,234,147,126,79
"2020-12-30 00:00:00",180,309,487,397,377,387,256,138,183,92
"2020-12-31 00:00:00",196,296,407,394,344,369,222,124,111,63
"2021-01-01 00:00:00",165,311,472,400,416,381,250,127,147,81
"2021-01-02 00:00:00",173,261,461,348,340,306,211,138,103,61
"2021-01-03 00:00:00",153,250,374,316,317,288,192,115,118,46
"2021-01-04 00:00:00",155,283,431,396,385,344,207,161,125,60
"2021-01-05 00:00:00",162,293,457,373,417,381,198,145,117,42
"2021-01-06 00:00:00",160,307,545,410,402,371,218,171,198,90
"2021-01-07 00:00:00",181,301,490,447,417,390,238,141,149,80
"2021-01-08 00:00:00",182,341,478,380,397,343,255,174,142,64
"2021-01-09 00:00:00",174,240,330,287,254,255,187,126,97,62
"2021-01-10 00:00:00",157,277,315,275,292,296,164,115,87,55
"2021-01-11 00:00:00",119,190,278,273,252,219,167,121,120,55
"2021-01-12 00:00:00",173,210,356,329,326,280,208,139,109,65
"2021-01-13 00:00:00",157,214,281,298,315,271,170,129,124,50
"2021-01-14 00:00:00",134,221,311,294,262,273,154,118,114,71
"2021-01-15 00:00:00",154,220,278,262,252,243,172,118,118,63
"2021-01-16 00:00:00",175,192,348,238,273,264,152,96,122,69
"2021-01-17 00:00:00",158,166,207,212,223,208,136,89,72,44
"2021-01-18 00:00:00",121,126,211,186,210,206,120,68,77,22
"2021-01-19 00:00:00",127,176,248,210,211,216,134,91,71,39
"2021-01-20 00:00:00",143,180,215,215,216,232,145,92,77,54
"2021-01-21 00:00:00",172,206,268,253,264,248,144,89,104,47
"2021-01-22 00:00:00",141,206,226,239,212,196,109,88,82,45
"2021-01-23 00:00:00",141,143,205,204,204,160,120,60,61,38
"2021-01-24 00:00:00",143,137,142,179,174,168,93,57,46,28
"2021-01-25 00:00:00",130,140,188,168,169,176,111,47,59,34
"2021-01-26 00:00:00",152,136,206,213,206,204,104,51,54,32
"2021-01-27 00:00:00",166,162,170,170,175,156,103,75,57,36
"2021-01-28 00:00:00",153,173,165,200,174,162,114,64,61,29
"2021-01-29 00:00:00",158,165,179,193,184,167,107,56,59,17
"2021-01-30 00:00:00",175,166,186,179,199,140,88,54,43,14
"2021-01-31 00:00:00",145,122,106,110,145,98,55,36,38,24
"2021-02-01 00:00:00",127,136,147,133,146,136,66,32,36,19
"2021-02-02 00:00:00",151,161,160,182,183,136,57,57,47,40
"2021-02-03 00:00:00",141,142,159,176,164,139,76,35,38,14
"2021-02-04 00:00:00",170,156,134,174,156,134,91,33,22,13
"2021-02-05 00:00:00",207,181,134,195,159,136,111,45,45,13
"2021-02-06 00:00:00",155,145,133,147,173,134,83,30,36,11
"2021-02-07 00:00:00",140,124,91,134,131,98,62,31,22,4
"2021-02-08 00:00:00",106,108,101,126,135,95,60,30,11,7
"2021-02-09 00:00:00",146,138,111,139,167,134,68,30,25,17
"2021-02-10 00:00:00",164,168,162,185,178,140,76,40,30,17
"2021-02-11 00:00:00",173,137,122,154,173,117,77,32,23,9
"2021-02-12 00:00:00",164,151,140,160,155,123,69,42,18,10
"2021-02-13 00:00:00",129,121,113,117,134,100,70,23,20,12
"2021-02-14 00:00:00",90,92,108,119,121,86,56,30,17,8
"2021-02-15 00:00:00",106,100,61,99,108,104,38,26,22,8
"2021-02-16 00:00:00",126,131,112,126,142,101,57,25,19,12
"2021-02-17 00:00:00",102,91,119,129,127,101,64,30,19,7
"2021-02-18 00:00:00",120,135,138,121,125,95,68,36,17,14
"2021-02-19 00:00:00",118,92,90,127,105,108,65,38,25,8
"2021-02-20 00:00:00",97,110,98,97,105,90,62,35,19,12
"2021-02-21 00:00:00",134,107,107,123,135,84,62,33,19,13
"2021-02-22 00:00:00",89,89,76,95,107,80,41,34,19,10
"2021-02-23 00:00:00",140,97,85,146,138,108,65,23,21,11
"2021-02-24 00:00:00",133,137,81,134,141,119,56,30,21,4
"2021-02-25 00:00:00",113,125,94,108,113,110,70,41,32,12
"2021-02-26 00:00:00",143,104,116,142,134,111,55,29,33,9
"2021-02-27 00:00:00",110,95,103,100,107,91,46,26,28,6
"2021-02-28 00:00:00",72,72,84,96,80,84,44,28,11,5
"2021-03-01 00:00:00",84,62,89,112,68,81,45,19,20,8
"2021-03-02 00:00:00",112,84,118,143,121,95,43,26,19,6
"2021-03-03 00:00:00",107,92,94,101,89,82,50,31,28,15
"2021-03-04 00:00:00",119,103,121,120,127,122,63,40,31,11
"2021-03-05 00:00:00",92,83,95,125,115,92,60,29,9,3
"2021-03-06 00:00:00",94,100,106,124,121,90,63,25,12,8
"2021-03-07 00:00:00",97,82,70,104,87,64,56,34,15,3
"2021-03-08 00:00:00",76,80,81,96,95,80,63,21,14,6
"2021-03-09 00:00:00",97,108,128,123,104,96,55,46,30,14
"2021-03-10 00:00:00",85,96,93,109,130,85,62,43,15,3
"2021-03-11 00:00:00",86,115,105,121,120,82,61,25,31,9
"2021-03-12 00:00:00",117,105,109,129,114,102,75,33,12,17
"2021-03-13 00:00:00",93,89,105,106,84,74,50,27,23,9
"2021-03-14 00:00:00",92,86,78,84,109,73,54,21,11,2
"2021-03-15 00:00:00",75,72,83,83,95,77,56,18,8,5
"2021-03-16 00:00:00",112,96,109,118,112,86,48,24,15,5
"2021-03-17 00:00:00",94,102,109,118,108,95,56,28,13,6
"2021-03-18 00:00:00",110,113,110,104,138,85,64,21,12,6
"2021-03-19 00:00:00",92,124,103,128,135,105,67,23,22,10
"2021-03-20 00:00:00",90,100,97,98,104,101,44,32,15,2
"2021-03-21 00:00:00",92,90,108,93,109,75,55,25,14,6
"2021-03-22 00:00:00",96,134,76,93,103,113,56,20,11,2
"2021-03-23 00:00:00",99,106,105,125,116,102,66,34,15,2
"2021-03-24 00:00:00",122,180,151,140,158,127,76,50,16,7
"2021-03-25 00:00:00",110,148,156,157,183,131,65,30,20,5
"2021-03-26 00:00:00",111,170,150,162,145,129,95,33,13,1
"2021-03-27 00:00:00",94,159,148,129,152,118,83,31,16,3
"2021-03-28 00:00:00",107,154,121,114,130,101,58,30,13,4
"2021-03-29 00:00:00",94,158,151,131,168,122,84,21,12,2
"2021-03-30 00:00:00",88,168,182,174,149,131,80,19,9,1
"2021-03-31 00:00:00",190,233,272,188,197,181,110,38,13,10
"2021-04-01 00:00:00",122,216,221,187,205,167,112,39,11,4
"2021-04-02 00:00:00",131,174,233,240,176,167,102,33,22,9
"2021-04-03 00:00:00",145,210,233,195,178,171,92,46,16,4
"2021-04-04 00:00:00",122,186,198,168,165,155,96,32,13,3
"2021-04-05 00:00:00",112,188,224,158,203,176,88,44,15,12
"2021-04-06 00:00:00",145,208,228,205,178,166,111,45,12,11
"2021-04-07 00:00:00",161,234,309,251,277,222,113,47,22,8
"2021-04-08 00:00:00",159,250,315,256,265,244,136,60,21,6
"2021-04-09 00:00:00",212,291,305,273,288,241,148,69,32,9
"2021-04-10 00:00:00",152,269,263,243,266,205,119,68,23,15
"2021-04-11 00:00:00",158,238,227,226,260,193,105,54,26,7
"2021-04-12 00:00:00",151,230,228,214,215,192,116,41,24,6
"2021-04-13 00:00:00",157,225,246,225,259,196,139,41,26,15
"2021-04-14 00:00:00",155,219,268,216,226,226,119,55,22,8
"2021-04-15 00:00:00",188,268,274,264,232,219,140,63,29,4
"2021-04-16 00:00:00",155,259,202,212,250,184,105,50,26,11
"2021-04-17 00:00:00",155,195,202,187,198,175,99,38,33,6
"2021-04-18 00:00:00",108,162,179,146,146,148,78,29,20,7
"2021-04-19 00:00:00",148,167,173,180,194,163,97,38,19,6
"2021-04-20 00:00:00",179,217,189,197,175,137,77,22,18,9
"2021-04-21 00:00:00",153,207,187,165,188,154,76,30,24,14
"2021-04-22 00:00:00",152,176,155,163,181,141,83,25,14,3
"2021-04-23 00:00:00",144,128,136,141,153,103,76,24,12,3
"2021-04-24 00:00:00",165,182,180,178,178,154,90,38,22,7
"2021-04-25 00:00:00",119,118,156,139,127,101,80,35,12,6
"2021-04-26 00:00:00",124,155,125,143,159,135,75,31,17,2
"2021-04-27 00:00:00",145,165,147,188,162,134,82,38,14,7
"2021-04-28 00:00:00",137,163,154,152,178,150,73,30,19,7
"2021-04-29 00:00:00",165,186,172,152,171,141,78,28,13,9
"2021-04-30 00:00:00",162,181,191,177,168,146,84,38,16,5
"2021-05-01 00:00:00",121,166,125,130,141,124,47,32,20,9
"2021-05-02 00:00:00",98,130,114,108,130,101,46,24,17,7
"2021-05-03 00:00:00",113,138,127,128,128,106,61,21,18,3
"2021-05-04 00:00:00",121,131,143,147,123,108,60,34,24,17
"2021-05-05 00:00:00",116,160,135,133,126,109,70,22,15,5
"2021-05-06 00:00:00",153,159,166,159,150,111,68,29,28,11
"2021-05-07 00:00:00",134,148,150,156,121,130,82,30,37,15
"2021-05-08 00:00:00",127,125,120,143,107,80,65,29,9,7
"2021-05-09 00:00:00",89,125,124,101,106,77,36,26,18,7
"2021-05-10 00:00:00",87,99,111,96,107,92,45,18,14,2
"2021-05-11 00:00:00",99,148,141,125,124,92,48,22,23,9
"2021-05-12 00:00:00",100,168,138,121,121,104,51,19,17,16
"2021-05-13 00:00:00",91,192,150,113,130,107,52,24,21,8
"2021-05-14 00:00:00",124,107,121,111,122,96,61,27,14,5
"2021-05-15 00:00:00",72,123,121,85,96,83,47,14,13,2
"2021-05-16 00:00:00",73,105,84,75,73,77,34,16,13,4
"2021-05-17 00:00:00",70,103,116,73,74,70,35,16,13,4
"2021-05-18 00:00:00",64,94,108,93,84,62,36,23,15,2
"2021-05-19 00:00:00",113,152,153,87,122,93,36,24,15,4
"2021-05-20 00:00:00",72,131,119,87,102,74,43,23,15,6
"2021-05-21 00:00:00",71,112,85,83,78,50,46,17,8,2
"2021-05-22 00:00:00",62,95,97,66,61,57,30,10,10,6
"2021-05-23 00:00:00",50,77,43,44,52,33,23,11,8,4
"2021-05-24 00:00:00",52,78,69,57,37,49,20,9,9,2
"2021-05-25 00:00:00",53,57,76,65,65,42,24,11,3,2
"2021-05-26 00:00:00",53,96,86,76,64,36,25,9,9,4
"2021-05-27 00:00:00",49,88,76,51,64,37,28,8,8,1
"2021-05-28 00:00:00",51,82,63,53,53,50,27,10,5,2
"2021-05-29 00:00:00",36,56,53,38,57,25,20,8,5,1
"2021-05-30 00:00:00",31,67,40,42,38,24,16,12,1,0
"2021-05-31 00:00:00",27,53,39,37,35,23,19,10,2,2
"2021-06-01 00:00:00",34,58,54,44,35,26,22,6,1,2
"2021-06-02 00:00:00",41,57,55,54,35,29,16,5,2,1
"2021-06-03 00:00:00",41,65,65,30,30,16,13,5,1,2
"2021-06-04 00:00:00",26,36,50,37,24,31,14,7,5,2
"2021-06-05 00:00:00",30,43,38,36,26,22,10,4,2,1
"2021-06-06 00:00:00",24,36,31,25,12,13,7,0,3,1
"2021-06-07 00:00:00",22,43,25,27,18,17,5,4,1,0
"2021-06-08 00:00:00",19,43,48,31,25,7,13,6,1,2
"2021-06-09 00:00:00",17,46,18,17,34,13,8,3,0,0
"2021-06-10 00:00:00",33,49,35,35,28,23,7,1,1,1
"2021-06-11 00:00:00",17,39,23,24,29,12,8,4,4,0
"2021-06-12 00:00:00",20,27,22,23,16,16,6,0,0,1
"2021-06-13 00:00:00",16,28,17,15,13,15,8,4,1,1
"2021-06-14 00:00:00",21,31,19,16,9,8,3,1,2,0
"2021-06-15 00:00:00",33,35,22,24,25,18,6,5,4,2
"2021-06-16 00:00:00",22,30,32,19,21,7,10,9,0,1
"2021-06-17 00:00:00",19,19,38,22,24,17,6,4,3,2
"2021-06-18 00:00:00",20,27,28,16,13,9,7,5,3,1
"2021-06-19 00:00:00",9,15,12,15,17,8,3,5,1,0
"2021-06-20 00:00:00",8,12,18,14,15,13,6,2,2,3
"2021-06-21 00:00:00",13,11,14,15,9,14,9,1,6,1
"2021-06-22 00:00:00",11,25,35,13,12,15,4,7,5,2
"2021-06-23 00:00:00",14,13,14,17,10,7,2,1,1,0
"2021-06-24 00:00:00",16,10,8,18,9,9,5,3,1,0
"2021-06-25 00:00:00",15,21,21,17,8,7,9,4,2,0
"2021-06-26 00:00:00",12,14,11,18,9,10,4,2,0,0
"2021-06-27 00:00:00",8,4,6,11,8,7,3,1,0,0
"2021-06-28 00:00:00",12,16,16,17,13,13,6,1,2,0
"2021-06-29 00:00:00",9,23,19,12,14,14,6,3,1,0
"2021-06-30 00:00:00",8,8,14,13,10,7,10,3,1,0
"2021-07-01 00:00:00",16,9,12,21,9,4,4,1,0,0
"2021-07-02 00:00:00",3,9,16,12,9,8,7,2,0,0
"2021-07-03 00:00:00",10,6,13,13,5,4,5,0,2,0
"2021-07-04 00:00:00",4,5,10,7,8,3,3,0,1,0
"2021-07-05 00:00:00",12,12,16,11,6,10,6,3,0,1
"2021-07-06 00:00:00",6,10,26,13,8,8,5,7,1,0
"2021-07-07 00:00:00",17,10,12,14,8,3,3,0,1,1
"2021-07-08 00:00:00",6,2,27,20,9,2,4,0,0,0
"2021-07-09 00:00:00",12,8,14,15,10,6,3,1,1,1
"2021-07-10 00:00:00",4,10,14,15,10,3,2,0,1,1
"2021-07-11 00:00:00",7,2,13,11,5,8,5,1,0,0
"2021-07-12 00:00:00",6,7,16,10,10,7,3,1,0,0
"2021-07-13 00:00:00",5,12,18,16,13,8,6,1,0,0
"2021-07-14 00:00:00",5,7,33,19,3,4,3,0,1,0
"2021-07-15 00:00:00",8,6,40,22,7,4,4,2,1,2
"2021-07-16 00:00:00",5,4,30,18,6,3,2,1,3,0
"2021-07-17 00:00:00",10,7,21,18,8,5,2,1,0,0
"2021-07-18 00:00:00",11,7,16,11,10,4,2,3,1,0
"2021-07-19 00:00:00",6,9,22,20,7,9,4,1,0,0
"2021-07-20 00:00:00",11,11,37,14,15,8,4,3,3,0
"2021-07-21 00:00:00",9,5,42,22,9,9,5,1,0,0
"2021-07-22 00:00:00",8,12,58,16,13,10,4,2,2,0
"2021-07-23 00:00:00",13,9,43,26,16,6,1,1,0,0
"2021-07-24 00:00:00",6,5,34,18,9,6,2,1,1,0
"2021-07-25 00:00:00",4,8,23,9,12,8,4,1,0,0
"2021-07-26 00:00:00",11,11,31,16,28,6,2,3,1,1
"2021-07-27 00:00:00",14,14,49,25,18,11,4,1,0,0
"2021-07-28 00:00:00",11,14,42,30,21,9,3,2,0,0
"2021-07-29 00:00:00",7,13,47,9,13,5,3,2,2,0
"2021-07-30 00:00:00",27,24,71,42,26,17,7,6,1,0
"2021-07-31 00:00:00",14,24,39,26,25,11,5,2,1,1
"2021-08-01 00:00:00",25,20,43,24,9,8,2,3,0,0
"2021-08-02 00:00:00",21,22,58,47,23,11,5,6,0,1
"2021-08-03 00:00:00",17,32,63,32,25,14,3,4,3,0
"2021-08-04 00:00:00",21,38,90,45,40,23,4,4,1,1
"2021-08-05 00:00:00",21,48,101,47,48,16,7,4,2,1
"2021-08-06 00:00:00",22,43,101,43,29,18,8,4,1,0
"2021-08-07 00:00:00",31,28,75,48,31,16,9,8,2,1
"2021-08-08 00:00:00",28,43,68,39,26,19,10,3,0,0
"2021-08-09 00:00:00",38,49,84,45,41,26,7,5,0,2
"2021-08-10 00:00:00",35,69,107,73,33,20,18,2,1,2
"2021-08-11 00:00:00",40,74,134,78,56,25,7,8,1,0
"2021-08-12 00:00:00",36,76,149,67,43,30,15,4,2,2
"2021-08-13 00:00:00",57,74,122,71,39,22,11,6,1,0
"2021-08-14 00:00:00",62,77,90,63,35,25,15,1,0,0
"2021-08-15 00:00:00",61,53,95,61,32,30,17,3,2,0
"2021-08-16 00:00:00",46,57,108,77,44,24,17,2,3,0
"2021-08-17 00:00:00",54,82,132,66,37,22,10,8,1,1
"2021-08-18 00:00:00",87,90,134,78,54,19,19,5,6,1
"2021-08-19 00:00:00",77,83,176,102,50,38,12,3,1,0
"2021-08-20 00:00:00",74,90,143,87,74,29,16,8,6,0
"2021-08-21 00:00:00",49,88,107,52,46,29,12,7,3,0
"2021-08-22 00:00:00",52,71,74,62,40,31,14,5,1,1
"2021-08-23 00:00:00",54,72,122,84,40,39,14,8,3,0
"2021-08-24 00:00:00",63,98,171,95,75,37,21,12,2,0
"2021-08-25 00:00:00",83,105,170,109,80,45,19,8,6,4
"2021-08-26 00:00:00",88,90,181,120,81,45,17,9,8,1
"2021-08-27 00:00:00",91,64,134,104,64,48,11,4,5,0
"2021-08-28 00:00:00",76,90,122,85,67,31,24,21,4,0
"2021-08-29 00:00:00",64,68,92,70,48,29,16,6,8,2
"2021-08-30 00:00:00",92,85,129,90,72,53,22,13,2,3
"2021-08-31 00:00:00",121,124,154,116,71,50,26,11,6,1
"2021-09-01 00:00:00",106,81,196,135,91,58,36,14,12,3
"2021-09-02 00:00:00",108,107,199,143,90,50,33,19,3,0
"2021-09-03 00:00:00",100,87,162,128,87,59,26,11,4,1
"2021-09-04 00:00:00",132,85,159,101,66,52,30,10,9,1
"2021-09-05 00:00:00",85,87,99,85,59,48,29,10,2,1
"2021-09-06 00:00:00",103,74,127,92,62,56,28,13,6,1
"2021-09-07 00:00:00",124,87,158,92,90,49,23,15,8,4
"2021-09-08 00:00:00",134,109,176,140,99,68,34,13,5,3
"2021-09-09 00:00:00",178,122,206,170,119,73,36,21,9,1
"2021-09-10 00:00:00",155,120,216,172,106,82,33,26,11,2
"2021-09-11 00:00:00",127,85,153,124,80,52,35,21,15,7
"2021-09-12 00:00:00",110,91,116,97,74,56,23,25,12,8
"2021-09-13 00:00:00",106,100,124,101,75,66,36,14,12,6
"2021-09-14 00:00:00",168,122,134,116,84,61,28,20,11,6
"2021-09-15 00:00:00",158,162,143,133,106,69,30,15,13,6
"2021-09-16 00:00:00",143,125,156,150,102,63,54,28,17,4
"2021-09-17 00:00:00",180,114,142,111,105,64,41,27,6,3
"2021-09-18 00:00:00",161,104,94,105,89,73,41,23,15,4
"2021-09-19 00:00:00",166,76,91,119,73,62,27,16,5,2
"2021-09-20 00:00:00",148,99,82,97,73,42,30,16,7,4
"2021-09-21 00:00:00",145,108,93,86,100,52,33,24,11,5
"2021-09-22 00:00:00",168,116,110,129,107,69,29,22,5,7
"2021-09-23 00:00:00",152,119,123,126,80,57,35,21,9,5
"2021-09-24 00:00:00",183,133,101,126,102,69,32,24,11,4
"2021-09-25 00:00:00",166,88,86,81,80,57,19,16,10,8
"2021-09-26 00:00:00",117,73,47,79,65,42,28,16,11,2
"2021-09-27 00:00:00",121,68,57,61,67,50,28,22,14,9
"2021-09-28 00:00:00",146,104,60,79,76,60,40,22,9,4
"2021-09-29 00:00:00",167,102,90,87,110,63,36,27,25,9
"2021-09-30 00:00:00",131,103,67,94,71,54,36,20,15,8
"2021-10-01 00:00:00",149,97,63,81,79,41,43,24,13,9
"2021-10-02 00:00:00",119,77,41,81,56,36,26,13,2,3
"2021-10-03 00:00:00",105,66,36,61,56,28,30,17,12,11
"2021-10-04 00:00:00",114,83,40,71,51,44,30,13,8,5
"2021-10-05 00:00:00",115,70,61,72,81,39,30,25,11,3
"2021-10-06 00:00:00",133,99,62,84,72,58,33,24,17,3
"2021-10-07 00:00:00",143,126,76,104,89,51,41,14,13,4
"2021-10-08 00:00:00",128,91,77,88,76,66,39,25,13,3
"2021-10-09 00:00:00",135,99,64,64,93,40,33,15,10,5
"2021-10-10 00:00:00",102,85,40,63,64,21,22,8,8,3
"2021-10-11 00:00:00",72,81,41,73,65,44,35,19,10,4
"2021-10-12 00:00:00",134,105,61,94,66,50,24,27,10,7
"2021-10-13 00:00:00",153,125,56,85,82,48,27,23,14,2
"2021-10-14 00:00:00",147,160,68,94,102,47,39,33,10,5
"2021-10-15 00:00:00",177,89,83,104,79,78,37,20,13,4
"2021-10-16 00:00:00",115,76,50,64,75,43,26,20,7,0
"2021-10-17 00:00:00",87,57,44,43,58,21,19,11,4,1
"2021-10-18 00:00:00",87,75,48,56,50,25,19,20,10,2
"2021-10-19 00:00:00",96,86,58,56,55,40,25,16,12,3
"2021-10-20 00:00:00",115,77,34,59,54,37,22,12,4,1
"2021-10-21 00:00:00",95,58,35,66,57,33,32,15,6,5
"2021-10-22 00:00:00",109,112,41,65,58,35,34,12,12,3
"2021-10-23 00:00:00",91,85,32,65,52,23,16,13,11,5
"2021-10-24 00:00:00",75,50,33,42,45,19,27,17,8,2
"2021-10-25 00:00:00",75,81,28,59,67,27,23,24,13,6
"2021-10-26 00:00:00",94,75,37,71,67,45,25,13,15,4
"2021-10-27 00:00:00",89,92,53,65,77,28,30,16,8,3
"2021-10-28 00:00:00",141,119,55,65,68,31,33,20,13,10
"2021-10-29 00:00:00",137,125,52,101,65,36,23,37,27,15
"2021-10-30 00:00:00",121,128,39,73,48,37,31,20,10,4
"2021-10-31 00:00:00",113,102,47,76,77,39,28,8,8,4
"2021-11-01 00:00:00",110,94,44,62,56,36,28,13,22,8
"2021-11-02 00:00:00",116,113,51,84,73,26,29,20,13,3
"2021-11-03 00:00:00",158,115,52,101,76,48,28,20,8,5
"2021-11-04 00:00:00",166,126,58,99,81,45,40,11,10,3
"2021-11-05 00:00:00",163,125,58,98,79,41,30,28,8,5
"2021-11-06 00:00:00",158,116,62,78,85,59,36,12,6,2
"2021-11-07 00:00:00",107,106,47,62,64,34,19,9,5,1
"2021-11-08 00:00:00",135,103,50,71,80,37,25,10,8,2
"2021-11-09 00:00:00",196,155,89,110,79,54,30,12,7,5
"2021-11-10 00:00:00",167,130,83,112,68,46,42,17,10,3
"2021-11-11 00:00:00",155,123,81,118,107,57,46,15,6,4
"2021-11-12 00:00:00",194,141,75,91,98,63,36,24,6,2
"2021-11-13 00:00:00",146,104,60,70,78,52,20,19,8,2
"2021-11-14 00:00:00",136,81,40,85,72,33,22,12,5,1
"2021-11-15 00:00:00",150,105,49,80,77,48,29,14,9,0
"2021-11-16 00:00:00",214,129,76,95,107,61,39,19,8,0
"2021-11-17 00:00:00",178,141,82,125,107,54,46,15,11,0
"2021-11-18 00:00:00",163,129,77,106,113,72,46,26,13,1
"2021-11-19 00:00:00",206,135,86,112,112,76,48,22,21,1
"2021-11-20 00:00:00",172,123,58,86,92,64,64,23,6,2
"2021-11-21 00:00:00",200,109,44,93,114,68,38,14,10,2
"2021-11-22 00:00:00",202,118,66,114,97,53,28,22,5,0
"2021-11-23 00:00:00",223,181,85,123,145,76,32,20,9,1
"2021-11-24 00:00:00",260,186,89,132,164,90,54,29,13,0
"2021-11-25 00:00:00",324,204,95,185,167,73,48,38,20,3
"2021-11-26 00:00:00",247,195,70,147,151,89,61,31,19,2
"2021-11-27 00:00:00",204,124,73,110,120,74,54,25,16,3
"2021-11-28 00:00:00",179,125,73,113,124,52,34,28,12,1
"2021-11-29 00:00:00",222,150,57,150,148,82,54,31,4,1
"2021-11-30 00:00:00",324,194,102,180,174,104,72,35,14,1
"2021-12-01 00:00:00",349,224,113,208,158,109,69,45,10,2
"2021-12-02 00:00:00",332,241,124,240,205,115,92,43,12,2
"2021-12-03 00:00:00",372,240,144,223,199,131,97,47,17,2
"2021-12-04 00:00:00",332,215,112,195,196,118,77,51,15,1
"2021-12-05 00:00:00",240,178,88,149,196,114,88,38,17,3
"2021-12-06 00:00:00",319,194,114,177,179,106,68,39,13,0
"2021-12-07 00:00:00",370,271,142,234,236,131,95,49,19,5
"2021-12-08 00:00:00",424,310,195,298,277,171,139,63,22,4
"2021-12-09 00:00:00",455,361,191,320,290,158,111,55,25,6
"2021-12-10 00:00:00",503,359,196,317,337,176,127,67,32,6
"2021-12-11 00:00:00",388,319,147,259,244,144,107,54,17,9
"2021-12-12 00:00:00",366,294,130,256,238,133,95,43,11,4
"2021-12-13 00:00:00",440,331,268,384,346,189,138,56,25,4
"2021-12-14 00:00:00",455,424,367,467,488,248,176,86,28,4
"2021-12-15 00:00:00",562,488,543,623,571,315,190,91,34,4
"2021-12-16 00:00:00",566,510,700,784,642,420,226,115,36,6
"2021-12-17 00:00:00",636,640,652,793,705,452,248,127,48,16
"2021-12-18 00:00:00",611,666,808,918,750,410,296,136,55,15
"2021-12-19 00:00:00",557,607,820,812,692,464,227,137,39,7
"2021-12-20 00:00:00",639,905,1240,1183,956,630,356,154,57,14
"2021-12-21 00:00:00",769,1056,1850,1566,1265,764,450,166,73,32
"2021-12-22 00:00:00",925,1459,2931,2200,1599,989,550,229,77,34
"2021-12-23 00:00:00",825,1559,3554,2248,1701,1076,583,256,111,53
"2021-12-24 00:00:00",718,1486,3184,2126,1580,1013,559,190,98,48
"2021-12-25 00:00:00",730,1402,2882,2024,1527,1077,547,189,99,45
"2021-12-26 00:00:00",679,1448,2680,1975,1721,1167,590,249,99,46
"2021-12-27 00:00:00",845,1692,3117,2318,2106,1526,749,285,140,70
"2021-12-28 00:00:00",926,1835,3497,2777,2454,1887,967,389,202,103
"2021-12-29 00:00:00",1250,2233,4017,3173,3186,2379,1245,507,274,104
"2021-12-30 00:00:00",1147,2098,3923,3161,3011,2456,1344,470,269,129
"2021-12-31 00:00:00",1101,1919,3309,2827,2729,2227,1175,506,294,133
"2022-01-01 00:00:00",1044,1806,3008,2596,2509,2180,1189,537,347,150
"2022-01-02 00:00:00",931,1718,2892,2576,2468,2169,1243,496,324,146
"2022-01-03 00:00:00",895,1403,2710,2403,2392,1982,1064,422,307,154
"2022-01-04 00:00:00",989,1807,3388,2899,2875,2484,1286,575,438,218
"2022-01-05 00:00:00",1096,1820,3619,3049,2957,2609,1324,616,505,303,"<a style="color:white" href="/covid-19/donnees/methodologie?accordeon=depistage1&ancre=acces-restreint">Dépistage restreint</a>"
"2022-01-06 00:00:00",888,1555,3268,2819,2653,2235,1242,645,485,264
"2022-01-07 00:00:00",657,1184,2400,2042,2040,1772,977,571,523,316
"2022-01-08 00:00:00",475,914,1879,1632,1670,1387,704,395,458,268
"2022-01-09 00:00:00",410,617,1565,1354,1308,1109,622,342,412,252
"2022-01-10 00:00:00",377,629,1542,1482,1453,1137,652,378,371,228
"2022-01-11 00:00:00",285,475,1131,1217,1149,970,530,404,527,312
"2022-01-12 00:00:00",290,408,1129,1129,1090,896,555,464,591,383
"2022-01-13 00:00:00",264,334,927,1094,1035,867,453,355,490,274
"2022-01-14 00:00:00",243,395,1022,942,915,713,437,345,404,280
"2022-01-15 00:00:00",187,285,789,809,782,619,335,304,410,246
"2022-01-16 00:00:00",214,251,636,731,705,537,293,215,258,175
"2022-01-17 00:00:00",245,288,818,871,783,568,313,255,299,164
"2022-01-18 00:00:00",281,396,897,970,935,721,362,277,328,210
"2022-01-19 00:00:00",242,279,790,962,808,630,361,272,315,213
"2022-01-20 00:00:00",220,301,794,820,737,594,310,260,331,236
"2022-01-21 00:00:00",240,244,610,787,654,498,273,248,353,195
"2022-01-22 00:00:00",196,186,427,558,471,324,228,168,264,163
"2022-01-23 00:00:00",204,148,384,554,467,293,168,135,154,119
"2022-01-24 00:00:00",285,236,543,790,606,427,211,148,187,103
"2022-01-25 00:00:00",283,293,600,966,717,457,267,184,260,158
"2022-01-26 00:00:00",282,276,503,796,665,413,211,182,207,148
"2022-01-27 00:00:00",274,270,456,799,591,375,201,195,241,164
"2022-01-28 00:00:00",254,262,460,765,570,365,192,121,219,142
"2022-01-29 00:00:00",231,201,346,588,502,309,161,99,114,64
"2022-01-30 00:00:00",253,188,302,563,437,245,116,96,110,64
"2022-01-31 00:00:00",295,250,386,859,622,316,181,110,119,96
"2022-02-01 00:00:00",353,307,474,918,719,410,173,138,179,116
"2022-02-02 00:00:00",343,317,463,874,731,403,178,141,172,99
"2022-02-03 00:00:00",252,255,389,715,629,314,115,106,131,80
"2022-02-04 00:00:00",244,250,367,689,588,283,159,109,130,76
"2022-02-05 00:00:00",166,183,266,535,399,249,125,74,122,63
"2022-02-06 00:00:00",177,178,225,455,402,183,99,92,109,60
"2022-02-07 00:00:00",156,165,171,369,359,180,74,44,55,23